# How far each campaign got with each target (#605). One row per (campaign, target),
# carrying the FURTHEST stage that campaign reached. The stages, the rules that decide
# them, and what this record cannot see are on spike/outcome-funnel.py and in
# docs/outcome-funnel.md; the counts are generated from here and never typed.
#
# Columns (tab-separated, exactly nine, TABS not spaces):
#
#   campaign target stage verdict stop report evidence as_of note
#
#   stage     attempted explored judged novel report_worthy filed acknowledged
#             fixed revalidated
#   verdict   pass / fail / unknown (a named refusal) / - . A verdict is PASS or FAIL;
#             everything else is a refusal, never a silent pass (docs/target-classes.md).
#   stop      why this encounter stopped where it did, from a closed set. `known` and
#             `not_worth` are separate because they are different judgements: the
#             2026-09-16 run did not file pre-commit because no content is lost, which
#             says nothing about whether the finding was novel.
#   report    owner/repo#N, and it must be one of this project's own filings in
#             spike/upstream-reports.tsv. A third party's issue covering the same shape
#             goes in the note - it is not a report this project made. A row below
#             `filed` may still carry one: the 2026-09-05 run rediscovered a window
#             this project had filed the day before.
#   evidence  a path in this repository. Where it is a report this engine wrote, the
#             checker holds this row's verdict and stage to what that report says.
#             Where it is not, the checker holds it to existing and to naming the
#             target, and `summary` prints how many rows are in each state.
#   as_of     when the upstream state in `stop` was read. Required from `filed` on:
#             a tail state with no reading date is indistinguishable from one nobody
#             re-read, which is the failure spike/upstream-report-status.sh exists to
#             avoid. That script measures the live state; this column does not.
dogfood/2026-09-05-userview	mogrify	filed	fail	-	ImageMagick/ImageMagick#8939	spike/dogfood/2026-09-05-userview/transcripts/explore/mogrify.json	2026-09-05	FAIL 6/13: rename aside, then no file at the original name. Filed the same day, written as minor with an invitation to close it
dogfood/2026-09-05-userview	exiv2	filed	fail	awaiting	Exiv2/exiv2#9482	spike/dogfood/2026-09-05-userview/transcripts/explore/exiv2.json	2026-09-05	FAIL 3/7: a zero-byte image with the original nowhere. No response recorded here since
dogfood/2026-09-05-userview	qpdf	judged	fail	known	qpdf/qpdf#1773	spike/dogfood/2026-09-05-userview/transcripts/explore/qpdf.json	-	Rediscovery, not a new finding: this project filed the same window on 2026-09-04 from a separate measurement, and the run's freshness check missed it because it read only this repository
dogfood/2026-09-05-userview	rdiff-backup	judged	fail	known	-	spike/dogfood/2026-09-05-userview/transcripts/explore/rdiff-backup-regress.json	-	FAIL 1/69 with the tool's own regress step ahead of the assert. Not filed: rdiff-backup/rdiff-backup#1084, a third party's, reports the same shape on the same version
dogfood/2026-09-05-userview	chezmoi	attempted	unknown	wall	-	spike/dogfood/2026-09-05-userview/transcripts/preflight-round1/chezmoi-fullpath.txt	-	no_shim_marker: every Linux artifact the project publishes is static, so there is no build this engine can enter. Measured with the full path - written the way a user writes it, the same refusal says Sideeye did not resolve the binary, which reads as the wrong diagnosis
dogfood/2026-09-05-userview	gopass	attempted	unknown	wall	-	spike/dogfood/2026-09-05-userview/transcripts/preflight-round1/gopass-direct.txt	-	no_shim_marker, the same static-Go wall as chezmoi. The run's first attempt carried the environment through an `sh` wrapper, which is dynamic and exec'd a child, so that transcript refuses boundary_without_oracle and its own RESULTS.md sets it aside; this is the measurement that reached the wall
dogfood/2026-09-05-userview	beets	attempted	unknown	wall	-	spike/dogfood/2026-09-05-userview/transcripts/preflight-round1/beets.txt	-	multiple_threads_detected
dogfood/2026-09-05-userview	joplin	attempted	unknown	wall	-	spike/dogfood/2026-09-05-userview/transcripts/preflight-round1/joplin.txt	-	multiple_threads_detected, the first real Node target to meet the thread wall
dogfood/2026-09-06-imagemagick-refix	mogrify	revalidated	fail	discussing	ImageMagick/ImageMagick#8939	spike/dogfood/2026-09-06-imagemagick-refix/transcripts/main-original.json	2026-09-06	Re-measured against the merged patch: it narrows the reported window and opens a wider one, losing the original outright. Answered as a comment on the same issue, so no new identifier
dogfood/2026-09-06-imagemagick-patch3	mogrify	revalidated	pass	-	ImageMagick/ImageMagick#8939	spike/dogfood/2026-09-06-imagemagick-patch3/transcripts/main-original.json	2026-09-06	The third patch closes both items: PASS 4/4 against the patched build where 7.1.1-43 is FAIL 2/5. A new regression (preserve-timestamp silently stops preserving) was found here and not filed - the owner's call was to stop replying on the issue
dogfood/2026-09-06-userview-2	fonttools	filed	fail	declined	fonttools/fonttools#4170	spike/dogfood/2026-09-06-userview-2/transcripts/explore2/fonttools.json	2026-09-16	Closed upstream: naming the input as the output is read as the caller's risk. State read in the 2026-09-16 run's table of five filings
dogfood/2026-09-06-userview-2	bean-format	filed	fail	awaiting	beancount/beancount#1051	spike/dogfood/2026-09-06-userview-2/transcripts/explore2/beanfmt.json	2026-09-16	Open, no comment in ten days. State read in the 2026-09-16 run's table
dogfood/2026-09-06-userview-2	pyupgrade	filed	fail	declined	asottile/pyupgrade#1101	spike/dogfood/2026-09-06-userview-2/transcripts/explore3/pyupgrade.json	2026-09-16	Closed upstream. State read in the 2026-09-16 run's table
dogfood/2026-09-06-userview-2	jpegtran	filed	fail	discussing	libjpeg-turbo/libjpeg-turbo#914	spike/dogfood/2026-09-06-userview-2/transcripts/explore3/jpegtran.json	2026-09-16	Open, three comments, still under discussion. State read in the 2026-09-16 run's table
dogfood/2026-09-06-userview-2	mid3v2	judged	pass	-	-	spike/dogfood/2026-09-06-userview-2/transcripts/explore/mid3v2.json	-	PASS 10/10: mutagen rewrites the ID3 region in place with no temporary and no backup, so the file stays readable in every world
dogfood/2026-09-06-userview-2	bsdtar	judged	pass	-	-	spike/dogfood/2026-09-06-userview-2/transcripts/explore2/bsdtar.json	-	PASS 3/3: appending never re-opens the existing entries
dogfood/2026-09-06-userview-2	isort	judged	pass	-	-	spike/dogfood/2026-09-06-userview-2/transcripts/explore3/isort.json	-	PASS 7/7: writes a temporary, copies the mode, renames it into place - the contrast that gives the failures their weight
dogfood/2026-09-06-userview-2	metaflac	attempted	unknown	wall	-	spike/dogfood/2026-09-06-userview-2/transcripts/explore/metaflac.json	-	oracle_missed_operation: a stdio write past ADR 0005's flush boundary
dogfood/2026-09-06-userview-2	fontforge	attempted	unknown	wall	-	spike/dogfood/2026-09-06-userview-2/transcripts/explore/fontforge.json	-	oracle_missed_operation, the same stdio wall
dogfood/2026-09-06-userview-2	mutool	attempted	unknown	wall	-	spike/dogfood/2026-09-06-userview-2/transcripts/preflight/mutool.txt	-	unresolvable_path
dogfood/2026-09-11-past-walls	oxipng	filed	fail	declined	oxipng/oxipng#873	spike/dogfood/2026-09-11-past-walls/transcripts/explore/oxipng.syscalls.json	2026-09-16	Closed upstream: common, unlikely in practice, write somewhere else. State read in the 2026-09-16 run's table
dogfood/2026-09-11-past-walls	rsync	judged	pass	-	-	spike/dogfood/2026-09-11-past-walls/transcripts/explore/rsync.syscalls.json	-	PASS 7/7, the first dogfood target through contract v15's awaited child
dogfood/2026-09-11-past-walls	newsboat	judged	pass	-	-	spike/dogfood/2026-09-11-past-walls/transcripts/explore/newsboat3-scratch.syscalls.json	-	PASS 44/44 with the cache judged by SQLite's own recovery. Under the built-in byte comparison the same define is FAIL 15/44 - the buku lesson, a third time
dogfood/2026-09-11-past-walls	joplin	attempted	unknown	wall	-	spike/dogfood/2026-09-11-past-walls/RESULTS.md	-	multiple_threads_detected, the writer count
dogfood/2026-09-11-past-walls	Bun	attempted	unknown	wall	-	spike/dogfood/2026-09-11-past-walls/RESULTS.md	-	Past the thread wall and onto raw syscalls
dogfood/2026-09-11-past-walls	ansible-core	attempted	unknown	wall	-	spike/dogfood/2026-09-11-past-walls/RESULTS.md	-	A process leaves the containment group via setsid
dogfood/2026-09-11-past-walls	ocrmypdf	attempted	unknown	wall	-	spike/dogfood/2026-09-11-past-walls/RESULTS.md	-	faccessat2 on the state directory
dogfood/2026-09-11-read-only-542	mlr	attempted	unknown	wall	-	spike/dogfood/2026-09-11-read-only-542/transcripts/mlr.after.1.json	-	oracle_missed_operation 6 of 6: mlr's writes bypass libc, which is what #542's second change went after
dogfood/2026-09-11-read-only-542	ocrmypdf	explored	unknown	wall	-	spike/dogfood/2026-09-11-read-only-542/transcripts/ocrmypdf.after.syscalls.explore.json	-	baseline_violates_invariant: the output is not byte-repeatable even with SOURCE_DATE_EPOCH pinned. One of its two crash worlds left a.pdf empty - seen, not judged
dogfood/2026-09-11-syscall-trap-542b	mlr	judged	pass	-	-	spike/dogfood/2026-09-11-syscall-trap-542b/transcripts/mlr.after.syscalls.6.json	-	PASS 1 of 6 runs under --observe syscalls, the first Go target judged. The other five refuse on the writer count
dogfood/2026-09-13-cgroup-559	ansible-core	judged	pass	-	-	spike/dogfood/2026-09-13-cgroup-559/transcripts/privileged-root.sideeye.syscalls.json	-	PASS 2/2 where the engine can make cgroups. The same define refuses child_process_detected in a default container, with the environment as the step
dogfood/2026-09-13-joplin-turns	joplin	attempted	unknown	wall	-	spike/dogfood/2026-09-13-joplin-turns/RESULTS.md	-	The refusal stands: multiple_threads_detected, the same two operations named. Forty kept captures -- twenty as joplin runs and twenty with --log-level error -- answered the question the refusal left open without moving the stage
dogfood/2026-09-16-cargo-v16	cargo	filed	fail	declined	rust-lang/cargo#17481	spike/dogfood/2026-09-16-cargo-v16/transcripts/B.1.json	2026-09-16	FAIL 1/8 under --observe syscalls: an empty Cargo.lock that cargo metadata re-resolves in silence. Closed within the hour under the project's policy on issues drafted by a language model
dogfood/2026-09-16-crossed-walls	Bun	judged	fail	known	-	spike/dogfood/2026-09-16-crossed-walls/transcripts/explore/bun.140.syscalls.1.json	-	FAIL 3/3 under syscalls, an empty package.json. Known upstream: oven-sh/bun#39689, open
dogfood/2026-09-16-crossed-walls	ninja	judged	fail	not_worth	-	spike/dogfood/2026-09-16-crossed-walls/transcripts/explore/ninja.140.syscalls.1.json	-	FAIL 3/3 on the built-in invariant over the cp child's out.txt while the checker passed - an output ninja rebuilds
dogfood/2026-09-16-crossed-walls	markdownlint	judged	fail	not_worth	-	spike/dogfood/2026-09-16-crossed-walls/transcripts/explore/markdownlint.140.wrappers.1.json	-	FAIL 4/4, an empty file, emptied by ulimit -f 0 with no crash at all. Owner's call: sources under version control, and the class was closed as spam or the caller's risk before
dogfood/2026-09-16-crossed-walls	gjf	judged	fail	not_worth	-	spike/dogfood/2026-09-16-crossed-walls/transcripts/explore/gjf.140.wrappers.1.json	-	google-java-format: FAIL 4/4, the same empty file. Not filed, on the same call as markdownlint-cli
dogfood/2026-09-16-crossed-walls	xz	judged	pass	-	-	spike/dogfood/2026-09-16-crossed-walls/transcripts/explore/xz.140.wrappers.1.json	-	PASS 4/4 on the checker's invariant, a thread pool that does not reach the wall
dogfood/2026-09-16-crossed-walls	zstd	attempted	unknown	wall	-	spike/dogfood/2026-09-16-crossed-walls/SELECTION.md	-	multiple_threads_detected under contract v18: a worker writes the blocks and the main thread writes too, with nothing ordering them
dogfood/2026-09-16-crossed-walls	lz4	attempted	unknown	wall	-	spike/dogfood/2026-09-16-crossed-walls/SELECTION.md	-	multiple_threads_detected, the same shape as zstd
dogfood/2026-09-16-crossed-walls	prettier	attempted	unknown	wall	-	spike/dogfood/2026-09-16-crossed-walls/SELECTION.md	-	Refused on two writing threads, the joplin shape
dogfood/2026-09-16-crossed-walls	svgo	attempted	unknown	wall	-	spike/dogfood/2026-09-16-crossed-walls/SELECTION.md	-	Refused on two writing threads, the joplin shape
dogfood/2026-09-16-crossed-walls	npm pkg set	attempted	unknown	wall	-	spike/dogfood/2026-09-16-crossed-walls/SELECTION.md	-	Refused on two writing threads, the joplin shape
dogfood/2026-09-16-crossed-walls	git	attempted	unknown	wall	-	spike/dogfood/2026-09-16-crossed-walls/SELECTION.md	-	A commit that starts automatic maintenance: child_touched_state_dir
dogfood/2026-09-16-outside-git	aws-cli	filed	fail	awaiting	aws/aws-cli#10648	spike/dogfood/2026-09-16-outside-git/transcripts/rerun-after-redaction/aws.140.wrappers.1.json	2026-09-16	FAIL 4/4: the credentials file emptied, every profile's keys gone. ulimit -f 0 alone reproduces it. Filed the same day
dogfood/2026-09-16-outside-git	neovim	filed	fail	awaiting	neovim/neovim#41940	spike/dogfood/2026-09-16-outside-git/transcripts/nvim-v2/nvim.scratch.140.wrappers.1.json	2026-09-16	FAIL 4/4 on the checker with main.shada declared scratch: the file is removed before the rename. 0.12.5 still carries one window. Filed the same day
dogfood/2026-09-16-outside-git	hatch	judged	pass	-	-	spike/dogfood/2026-09-16-outside-git/transcripts/explore/hatch.140.wrappers.1.json	-	PASS 4/4
dogfood/2026-09-16-outside-git	jbang	judged	fail	not_worth	-	spike/dogfood/2026-09-16-outside-git/transcripts/explore/jbang.140.wrappers.1.json	-	FAIL 4/4 through its jar. Not filed: configuration a user re-creates in one command
dogfood/2026-09-16-outside-git	pyenv	judged	fail	not_worth	-	spike/dogfood/2026-09-16-outside-git/transcripts/explore/pyenv.140.syscalls.1.json	-	FAIL 3/3 under syscalls only, the oracle agreeing on none of the subject's operations. Not filed, on the same call as jbang
dogfood/2026-09-16-outside-git	Bitwarden	attempted	unknown	wall	-	spike/dogfood/2026-09-16-outside-git/SELECTION.md	-	multiple_threads_detected, the Node asynchronous class
dogfood/2026-09-16-threads-take-turns	virtualenv	judged	pass	-	-	spike/dogfood/2026-09-16-threads-take-turns/transcripts/v18/virtualenv.syscalls.1.json	-	PASS 1382/1382 in both modes, the first target judged with two writing threads (contract v18, ADR 0067)
dogfood/2026-09-16-threads-take-turns	beets	attempted	unknown	wall	-	spike/dogfood/2026-09-16-threads-take-turns/transcripts/v18/beets.syscalls.1.json	-	multiple_threads_detected 3/3 in both modes: the two thread ids named are pipeline siblings ordered by a queue the shim does not see
dogfood/2026-09-16-userview-3	codespell	filed	fail	awaiting	codespell-project/codespell#4025	spike/dogfood/2026-09-16-userview-3/transcripts/explore/codespell.json	2026-09-16	FAIL 3/7, the truncating open. --write-changes is the only way the tool applies a fix, so the answer the declined reports got does not transfer
dogfood/2026-09-16-userview-3	rubocop	filed	fail	awaiting	rubocop/rubocop#15720	spike/dogfood/2026-09-16-userview-3/transcripts/explore/rubocop.json	2026-09-16	FAIL 2/5, the same window in a fourth language, on a file a developer is editing
dogfood/2026-09-16-userview-3	composer	judged	fail	known	-	spike/dogfood/2026-09-16-userview-3/transcripts/explore/composer3.json	-	FAIL 2/5. Not filed: the same shape this project has filed five times, three of them declined, and composer can be told to write somewhere else
dogfood/2026-09-16-userview-3	vips	judged	fail	known	-	spike/dogfood/2026-09-16-userview-3/transcripts/explore/vips.json	-	FAIL 1/3. Not filed, same call as composer
dogfood/2026-09-16-userview-3	tesseract	judged	fail	known	-	spike/dogfood/2026-09-16-userview-3/transcripts/explore/tesseract2.json	-	FAIL 1/3. Not filed, same call as composer
dogfood/2026-09-16-userview-3	pandoc	judged	fail	known	-	spike/dogfood/2026-09-16-userview-3/transcripts/explore/pandoc.json	-	FAIL 1/4. Not filed, same call as composer
dogfood/2026-09-16-userview-3	uutils cp	judged	fail	known	-	spike/dogfood/2026-09-16-userview-3/transcripts/explore/uucp.json	-	FAIL 2/5. Not filed, same call as composer
dogfood/2026-09-16-userview-3	pre-commit	judged	fail	no_content_lost	-	spike/dogfood/2026-09-16-userview-3/transcripts/explore/precommit.json	-	FAIL 2/5, L0-only: the hook's name is gone between the rename and the replacement, the content is not. The checker passed in those worlds. Not filed for that reason, which is not a judgement about novelty
dogfood/2026-09-16-userview-3	zoxide	judged	pass	-	-	spike/dogfood/2026-09-16-userview-3/transcripts/explore/zoxide2.json	-	PASS 5/5 with a declared apparatus clock. The first define refused baseline_violates_invariant on the access times
dogfood/2026-09-16-userview-3	pip	judged	pass	-	-	spike/dogfood/2026-09-16-userview-3/transcripts/explore/pip2.json	-	PASS 5/5, with 493 paths attributed to a rename from outside the judged root - the one gap this engine declares rather than hides
dogfood/2026-09-16-userview-3	sphinx	judged	pass	-	-	spike/dogfood/2026-09-16-userview-3/transcripts/explore/sphinx.json	-	PASS 2/2 over a single crash point, and the verdict line says so rather than letting 2/2 read like 44/44
dogfood/2026-09-16-userview-3	bat	explored	unknown	wall	-	spike/dogfood/2026-09-16-userview-3/transcripts/explore/bat2.json	-	baseline_violates_invariant after exploring 8 worlds: metadata.yaml differs between two clean runs, and a pinned clock does not fix it
dogfood/2026-09-16-userview-3	meson	explored	unknown	wall	-	spike/dogfood/2026-09-16-userview-3/transcripts/explore/meson.json	-	baseline_violates_invariant after exploring 110 worlds: meson-logs/meson-log.txt is not byte-repeatable
dogfood/2026-09-16-userview-3	ccache	explored	unknown	wall	-	spike/dogfood/2026-09-16-userview-3/transcripts/explore/ccache2.json	-	kill_did_not_land after exploring 55 worlds - the first time this project has met that refusal on a real target
dogfood/2026-09-16-userview-3	vim	attempted	unknown	wall	-	spike/dogfood/2026-09-16-userview-3/transcripts/explore/vim2.json	-	unsupported_syscall_observed on getxattr, in both observation modes
dogfood/2026-09-16-userview-3	zstd	attempted	unknown	wall	-	spike/dogfood/2026-09-16-userview-3/transcripts/explore/zstd-syscalls.json	-	multiple_threads_detected under syscalls; oracle_missed_operation under wrappers. The second names the cause, the first reads as a shim gap
dogfood/2026-09-16-userview-3	rrdtool	attempted	unknown	wall	-	spike/dogfood/2026-09-16-userview-3/transcripts/explore/rrdtool.json	-	unsupported_syscall_observed: an RRD is updated through a shared mapping, and there is no call to interpose
dogfood/2026-09-16-userview-3	fish	attempted	unknown	wall	-	spike/dogfood/2026-09-16-userview-3/transcripts/explore/fish4.json	-	unsupported_syscall_observed on inotify_add_watch. The other define found the history file is not written by a non-interactive fish -c at all
dogfood/2026-09-16-userview-3	virtualenv	attempted	unknown	wall	-	spike/dogfood/2026-09-16-userview-3/transcripts/explore/virtualenv.json	-	multiple_threads_detected: two threads mkdir inside the judged root. Answered later by contract v18
dogfood/2026-09-16-userview-3	ninja	attempted	unknown	wall	-	spike/dogfood/2026-09-16-userview-3/transcripts/explore/ninja2.json	-	A process leaves the containment group in a default container; with --privileged, oracle_missed_operation on the .ninja_log write
loop-closure-timew	timewarrior	revalidated	fail	-	GothenburgBitFactory/timewarrior#778	BUILDLOG.md	2026-08-13	timew undo can destroy committed data across a crash window. Fixed upstream, and the patched build passes 25/25 - the re-measurement is in this repository's journal
blind-hunt	topydo	filed	fail	awaiting	topydo/topydo#341	spike/blind-hunt/ledger.md	2026-08-14	The recovery misfire reached by post-seal analysis, reported 2026-08-14. The campaign's twelve counterexamples were a separate shape and were not filed: topydo/topydo#318, a third party's, already covers the destruction
assisted	calcurse	filed	fail	awaiting	lfos/calcurse#529	spike/assisted/calcurse/report-remeasure.json	2026-08-14	FAIL 1/11, replay-confirmed
assisted	devtodo	filed	fail	withdrawn	alecthomas/devtodo#9	spike/assisted/devtodo/report-remeasure.json	2026-08-14	FAIL 6/8 once ownership writes became recorded-only. Filed and withdrawn the same day on the owner's judgement; the finding is kept on the target table deliberately unreported
assisted	GNU Stow	filed	fail	awaiting	aspiers/stow#139	spike/assisted/stow/report-remeasure.json	2026-08-14	FAIL 2/5 once symlinks became first-class kill points
cohort3	poetry	filed	fail	awaiting	python-poetry/poetry#11019	spike/cohort3/poetry/report.json	2026-08-22	The checker-red world behind the frozen claim rule: crash point 4 destroys a user-authored pyproject.toml
cohort4	himalaya	revalidated	fail	-	pimalaya/himalaya#738	spike/cohort4/himalaya-r2/run1/report.json	2026-08-22	FAIL 1/3, a message file at its final path holding 0 bytes. Fixed and closed by the maintainer the same day; against a build carrying the fix the same case refuses case_no_longer_applies, which is the re-measurement
slate/2026-09-04	trash-cli	filed	fail	awaiting	andreafrancia/trash-cli#414	docs/target-classes.md	2026-09-04	FAIL 2/7: an entry in the trash's info directory with nothing in files. No content is lost, but the trash directory stays inconsistent. This measurement left no directory of its own - the target table's row is its record
slate/2026-09-04	qpdf	filed	fail	awaiting	qpdf/qpdf#1773	docs/target-classes.md	2026-09-04	The window the 2026-09-05 run then rediscovered. Measured the day before that run, and like trash-cli it left no directory of its own
dogfood/2026-09-21-release-path	lefthook	attempted	unknown	wall	-	spike/dogfood/2026-09-21-release-path/transcripts/lefthook.json	-	oracle_missed_operation: statically linked, so the shim's account ends after 0 operations while the oracle sees the openat. Sideeye installed by the vendored install-sideeye.sh (#620's path), not a mounted tarball
dogfood/2026-09-21-verdict-chain	overcommit	novel	fail	not_worth	-	spike/dogfood/2026-09-21-verdict-chain/transcripts/overcommit.json	-	FAIL 10 of 32 worlds, earliest crash point 4 of 31: after the truncating open of .git/hooks/overcommit-hook and before its write, leaving a zero-byte executable hook. oracle_verified, reproduced identically twice. Novel on the tracker (single-word sweep, controls green). Not filed: the state is restored by re-running the same command, nothing user-authored is at risk (the one path touching a user file is a single atomic renameat), and 204 timed kills over four sweeps (40-90 ms in 1 ms steps, so 51 delays each) left zero incomplete hooks, with one of the four catching the process mid-install so the zeros are not vacuous — the reachable shape is fewer hooks, which install repairs. First row in this ledger at novel: the stage exists for judged-and-not-already-known, and this run established novelty with a committed transcript
dogfood/2026-09-22-shipped-v160	todo.txt-cli	judged	pass	-	-	spike/dogfood/2026-09-22-shipped-v160/transcripts/todo.txt/syscalls.json	-	PASS 4 of 4 worlds, 3 crash points, oracle_verified, under --observe syscalls: the default mode refused oracle_missed_operation (bash's echo >> writes from inside libc) and its next step named the mode, followed once. todo.txt judged by the history form, appended tail not judged
dogfood/2026-09-22-shipped-v160	commitizen	novel	fail	not_worth	-	spike/dogfood/2026-09-22-shipped-v160/transcripts/commitizen/explore.json	-	FAIL 1 of 5 worlds, crash point 4 of 4: after the truncating open of pyproject.toml and before its write, 126 bytes to 0; replayed twice. Not filed: cz bump rewrites a committed file, git restores it
dogfood/2026-09-22-shipped-v160	ast-grep	filed	fail	awaiting	ast-grep/ast-grep#2959	spike/dogfood/2026-09-22-shipped-v160/transcripts/ast-grep/explore.json	2026-09-22	FAIL 1 of 3 worlds, crash point 2 of 2: after the truncating open of a.js and before its write, 22 bytes to 0; replayed twice; ulimit -f 0 shows it without a crash
dogfood/2026-09-22-shipped-v160	eslint	attempted	unknown	wall	-	spike/dogfood/2026-09-22-shipped-v160/transcripts/entry/eslint.preflight.txt	-	multiple_threads_detected at the entry gate (preflight): eslint --fix opens a.js on one libuv pool thread and writes it from another, unordered by any creation or join — the joplin class
dogfood/2026-09-22-shipped-v160	stylelint	attempted	unknown	wall	-	spike/dogfood/2026-09-22-shipped-v160/transcripts/entry/stylelint.preflight.txt	-	multiple_threads_detected at the entry gate (preflight): stylelint --fix writes its temporary file from two libuv pool threads — the joplin class
dogfood/2026-09-22-shipped-v160	js-beautify	attempted	-	-	-	spike/dogfood/2026-09-22-shipped-v160/transcripts/entry/js-beautify.preflight.txt	-	preflight accepted, 3 operations, one writing thread; cleared the entry gate (the installed engine's preflight --twice --oracle) and was not in the signed-off slate — the campaign's choice, not the engine's
dogfood/2026-09-22-shipped-v160	git-cliff	attempted	-	-	-	spike/dogfood/2026-09-22-shipped-v160/transcripts/entry/git-cliff.preflight.txt	-	preflight accepted, 2 operations, one writing thread; cleared the entry gate (the installed engine's preflight --twice --oracle) and was not in the signed-off slate — the campaign's choice, not the engine's
dogfood/2026-09-22-shipped-v160	ktlint	attempted	-	-	-	spike/dogfood/2026-09-22-shipped-v160/transcripts/entry/ktlint.preflight.txt	-	preflight accepted on the second define, 2 operations, one writing thread (the first, -F a.kt, exited 1 on ktlint's own filename rule and the refusal named the declaration); cleared the entry gate (the installed engine's preflight --twice --oracle) and was not in the signed-off slate — the campaign's choice, not the engine's
dogfood/2026-09-22-shipped-v160	ormolu	attempted	-	-	-	spike/dogfood/2026-09-22-shipped-v160/transcripts/entry/ormolu.preflight.txt	-	preflight accepted, 3 operations, one writing thread; cleared the entry gate (the installed engine's preflight --twice --oracle) and was not in the signed-off slate — the campaign's choice, not the engine's
dogfood/2026-09-28-shipped-v170	kubectl	novel	fail	not_worth	-	spike/dogfood/2026-09-28-shipped-v170/transcripts/kubectl-r1/supervised.json	-	FAIL under --observe supervised, crash point 3 of 4: after the truncating open of the kubeconfig and before its write, 355 bytes to 0 with config.lock left behind; replayed twice. The page's spelling (kubectl on PATH) refused no_shim_marker with a --shim next step; named by absolute path, the detail named supervised. A kubeconfig is not under version control and carries credentials. Not filed (owner ruling 2026-09-28): the window is one write long, and a lost kubeconfig can usually be regenerated by the cloud provider's CLI; the drafted report is kept in the run directory
dogfood/2026-09-28-shipped-v170	terraform	filed	fail	awaiting	hashicorp/terraform#39299	spike/dogfood/2026-09-28-shipped-v170/transcripts/terraform-r1/supervised.json	2026-09-28	FAIL under --observe supervised with the image named by path (the bare name refused no_shim_marker with a --shim next step): terraform fmt's os.WriteFile truncates main.tf and the kill before its write leaves 0 bytes; replayed twice. Filed after the owner's second look (2026-09-28); ulimit -f 0 reproduces it without a crash
dogfood/2026-09-28-shipped-v170	sqruff	novel	fail	not_worth	-	spike/dogfood/2026-09-28-shipped-v170/transcripts/sqruff-r1/supervised.json	-	FAIL under --observe supervised after the image was named by absolute path (the bare name refused no_shim_marker with a --shim next step): the truncating open of the rewritten source file and the kill before its write leave it at 0 bytes; replayed twice. Not filed (owner ruling 2026-09-28, on a second look): in scope and unreported, not chosen
dogfood/2026-09-28-shipped-v170	nbqa	filed	fail	awaiting	nbQA-dev/nbQA#908	spike/dogfood/2026-09-28-shipped-v170/transcripts/nbqa/explore.json	2026-09-28	FAIL in the default mode, crash point 10 of 12: the notebook truncated and not yet written, 0 bytes, the original nowhere; replayed twice. Since nbQA #573 the temporary notebook path #542 relied on is the notebook itself. Filed after the owner's second look (2026-09-28); ulimit -f 1 reproduces it without a crash
dogfood/2026-09-28-shipped-v170	standardrb	judged	fail	known	rubocop/rubocop#15720	spike/dogfood/2026-09-28-shipped-v170/transcripts/standardrb/explore.json	-	FAIL in the default mode: a.rb truncated and not yet written, 0 bytes; replayed twice. The write is RuboCop's, reported by this project as rubocop/rubocop#15720 and fixed on RuboCop's main (#15721), in no release yet; standard 1.56.0 pins rubocop ~> 1.88.0
dogfood/2026-09-28-shipped-v170	phpcbf	novel	fail	not_worth	-	spike/dogfood/2026-09-28-shipped-v170/transcripts/phpcbf/explore.json	-	FAIL in the default mode: the truncating open of the rewritten file and the kill before its write leave it at 0 bytes, the original nowhere; replayed twice. Not filed (owner ruling 2026-09-28, on a second look): in scope and unreported, not chosen
dogfood/2026-09-28-shipped-v170	rumdl	attempted	-	-	-	spike/dogfood/2026-09-28-shipped-v170/transcripts/entry/rumdl.preflight.txt	-	entry gate 1: preflight --twice found different bytes in rumdl's own cache under the state directory; the refusal's next step (pin or relocate what differs) was not tried
dogfood/2026-09-28-shipped-v170	alejandra	attempted	-	-	-	spike/dogfood/2026-09-28-shipped-v170/transcripts/entry/alejandra.preflight.txt	-	cleared the entry gate; not in the slate
dogfood/2026-09-28-shipped-v170	biome	attempted	-	-	-	spike/dogfood/2026-09-28-shipped-v170/transcripts/entry/biome.preflight.txt	-	cleared the entry gate; not in the slate
dogfood/2026-09-28-shipped-v170	gofumpt	attempted	-	-	-	spike/dogfood/2026-09-28-shipped-v170/transcripts/entry/gofumpt.preflight.txt	-	cleared the entry gate; not in the slate
dogfood/2026-09-28-shipped-v170	helm	attempted	-	-	-	spike/dogfood/2026-09-28-shipped-v170/transcripts/entry/helm.preflight.txt	-	cleared the entry gate; not in the slate
dogfood/2026-09-28-shipped-v170	jsonnetfmt	attempted	-	-	-	spike/dogfood/2026-09-28-shipped-v170/transcripts/entry/jsonnetfmt.preflight.txt	-	cleared the entry gate; not in the slate
dogfood/2026-09-28-shipped-v170	ktfmt	attempted	-	-	-	spike/dogfood/2026-09-28-shipped-v170/transcripts/entry/ktfmt.preflight.txt	-	cleared the entry gate; not in the slate
dogfood/2026-09-28-shipped-v170	oxfmt	attempted	-	-	-	spike/dogfood/2026-09-28-shipped-v170/transcripts/entry/oxfmt.preflight.txt	-	cleared the entry gate; not in the slate
dogfood/2026-09-28-shipped-v170	pg_format	attempted	-	-	-	spike/dogfood/2026-09-28-shipped-v170/transcripts/entry/pg_format.preflight.txt	-	cleared the entry gate; not in the slate
dogfood/2026-09-28-shipped-v170	pint	attempted	-	-	-	spike/dogfood/2026-09-28-shipped-v170/transcripts/entry/pint.preflight.txt	-	cleared the entry gate; shortlisted, then dropped by rule 11: laravel/pint has issues turned off
dogfood/2026-09-28-shipped-v170	scalafmt	attempted	-	-	-	spike/dogfood/2026-09-28-shipped-v170/transcripts/entry/scalafmt.preflight.txt	-	cleared the entry gate; not in the slate
dogfood/2026-09-28-shipped-v170	tombi	attempted	-	-	-	spike/dogfood/2026-09-28-shipped-v170/transcripts/entry/tombi.preflight.txt	-	cleared the entry gate; not in the slate
dogfood/2026-09-28-shipped-v170	yamlfmt	attempted	-	-	-	spike/dogfood/2026-09-28-shipped-v170/transcripts/entry/yamlfmt.preflight.txt	-	cleared the entry gate; not in the slate
dogfood/2026-10-02-gate-cleared-twelve	alejandra	novel	fail	not_worth	-	spike/dogfood/2026-10-02-gate-cleared-twelve/transcripts/alejandra-r1/supervised.json	-	FAIL under --observe supervised with the image named by path (the bare name refused no_shim_marker with a --shim next step): the truncating open of the rewritten file and the kill before its write leave it at 0 bytes, the original nowhere; replayed twice. Not filed: the owner answers about half of bug reports, after weeks
dogfood/2026-10-02-gate-cleared-twelve	biome	novel	fail	not_worth	-	spike/dogfood/2026-10-02-gate-cleared-twelve/transcripts/biome/explore.json	-	FAIL in the default mode: the file cut to zero with a truncate and the kill before its write leave it at 0 bytes, the original nowhere; replayed twice; the same on 2.5.15. Not filed: its CONTRIBUTING.md asks that contributor communication not be written with AI and the owner did not take it up; biomejs/biome#11817's reporter looked for truncation and found none
dogfood/2026-10-02-gate-cleared-twelve	gofumpt	judged	fail	no_content_lost	-	spike/dogfood/2026-10-02-gate-cleared-twelve/transcripts/gofumpt-r1/supervised.json	-	FAIL under --observe supervised with the image named by path, crash point 5 of 6: the formatted bytes written over the file and the kill before the truncate leave it neither old nor new, with the original whole in gofmt's backup beside it; replayed twice. Not filed for that reason, which is not a judgement of novelty: the writer is Go's gofmt, inherited
dogfood/2026-10-02-gate-cleared-twelve	helm	filed	fail	awaiting	helm/helm#32709	spike/dogfood/2026-10-02-gate-cleared-twelve/transcripts/helm-r1/supervised.json	2026-10-02	FAIL under --observe supervised with the image named by path (the bare name refused no_shim_marker with a --shim next step): crash point 2 of 4, repositories.yaml at 0 bytes, every repository entry gone; replayed twice; ulimit -f 0 reproduces it. The write was atomic in 2017, reverted for a licence, and re-implemented for index.yaml only. Filed on the owner's ruling
dogfood/2026-10-02-gate-cleared-twelve	jsonnetfmt	novel	fail	not_worth	-	spike/dogfood/2026-10-02-gate-cleared-twelve/transcripts/jsonnetfmt-r1/supervised.json	-	FAIL under --observe supervised with the image named by path (the bare name refused no_shim_marker with a --shim next step): the truncating open of the rewritten file and the kill before its write leave it at 0 bytes, the original nowhere; replayed twice. Not filed: no maintainer reply on the last ten bug reports
dogfood/2026-10-02-gate-cleared-twelve	ktfmt	novel	fail	not_worth	-	spike/dogfood/2026-10-02-gate-cleared-twelve/transcripts/ktfmt/explore.json	-	FAIL in the default mode: the truncating open of the rewritten file and the kill before its write leave it at 0 bytes, the original nowhere; replayed twice. Not filed: no maintainer reply on recent outside issues
dogfood/2026-10-02-gate-cleared-twelve	oxfmt	novel	fail	not_worth	-	spike/dogfood/2026-10-02-gate-cleared-twelve/transcripts/oxfmt/explore.json	-	FAIL in the default mode: the truncating open of the rewritten file and the kill before its write leave it at 0 bytes, the original nowhere; replayed twice. Not filed: the project answered this shape for its linter (oxc-project/oxc#6061, a third party's) and kept the write
dogfood/2026-10-02-gate-cleared-twelve	pg_format	novel	fail	not_worth	-	spike/dogfood/2026-10-02-gate-cleared-twelve/transcripts/pg_format/explore.json	-	FAIL in the default mode: the truncating open of the rewritten file and the kill before its write leave it at 0 bytes, the original nowhere; replayed twice. Not filed: measured on Debian's 5.6, upstream's v5.11 has the same open and was not measured
dogfood/2026-10-02-gate-cleared-twelve	pint	novel	fail	not_worth	-	spike/dogfood/2026-10-02-gate-cleared-twelve/transcripts/pint/explore.json	-	FAIL in the default mode: the truncating open of the rewritten file and the kill before its write leave it at 0 bytes, the original nowhere; replayed twice. Not filed: laravel/pint has issues turned off and the write is the bundled PHP-CS-Fixer's, not measured on its own latest release
dogfood/2026-10-02-gate-cleared-twelve	scalafmt	novel	fail	not_worth	-	spike/dogfood/2026-10-02-gate-cleared-twelve/transcripts/scalafmt/explore.json	-	FAIL in the default mode: the file cut to zero with a truncate and the kill before its write leave it at 0 bytes, the original nowhere; replayed twice. Not filed: the tracker's one form is shaped for wrong formatting output and most bug reports are closed without a comment
dogfood/2026-10-02-gate-cleared-twelve	tombi	fixed	fail	-	tombi-toml/tombi#2265	spike/dogfood/2026-10-02-gate-cleared-twelve/transcripts/tombi-repeat/run-sh-1/supervised.json	2026-10-02	FAIL under --observe supervised with the image named by path, crash point 3 of 3: the file cut to zero with a truncate and the kill before its write leave it at 0 bytes, the original nowhere; replayed twice; the same on the v1.7.0 release. This row names one of the 35 FAILs in 36 supervised explores, the first of the ten later runs through run.sh, both of whose replays FAIL; the very first run refused multiple_threads_detected, and so did 3 of the 20 replays across the ten. Filed on the owner's ruling. Upstream landed tombi-toml/tombi#2266 the same day (write, then truncate; in no release) and closed the report as rare; the fix is not measured here
dogfood/2026-10-02-gate-cleared-twelve	yamlfmt	novel	fail	not_worth	-	spike/dogfood/2026-10-02-gate-cleared-twelve/transcripts/yamlfmt-r1/supervised.json	-	FAIL under --observe supervised with the image named by path (the bare name refused no_shim_marker with a --shim next step): the truncating open of the rewritten file and the kill before its write leave it at 0 bytes, the original nowhere; replayed twice. Not filed: one maintainer in spare time, no reply on issues opened since February
dogfood/2026-10-02-gate-cleared-twelve	rumdl	judged	pass	-	-	spike/dogfood/2026-10-02-gate-cleared-twelve/transcripts/rumdl-nocache/explore.json	-	PASS 4/4 with --no-cache, the step the 2026-09-28 refusal named: a temporary file and a rename
dogfood/2026-10-02-gate-cleared-twelve	codespell	revalidated	pass	-	codespell-project/codespell#4025	spike/dogfood/2026-10-02-gate-cleared-twelve/transcripts/fix/codespell-fix-explore.json	2026-10-02	The upstream fix (codespell-project/codespell#4028, merged 2026-09-21, in no release yet) measured from source beside its parent commit: PASS 10/10 where the parent FAILs 3/7; modes and a relative symlink kept, a second hard link detached
dogfood/2026-10-02-gate-cleared-twelve	rubocop	revalidated	pass	-	rubocop/rubocop#15720	spike/dogfood/2026-10-02-gate-cleared-twelve/transcripts/fix/rubocop-fix-explore.json	2026-10-02	The upstream fix (rubocop/rubocop#15721, merged 2026-09-16, in no release yet) measured from source beside its parent commit: PASS 9/9 where the parent FAILs 2/5; modes and a relative symlink kept, a second hard link detached, its temporary file left behind under ulimit -f 0 with the original intact
dogfood/2026-10-02-unjudged-on-v170	git-cliff	filed	fail	awaiting	orhun/git-cliff#1650	spike/dogfood/2026-10-02-unjudged-on-v170/transcripts/page/git-cliff/explore.json	2026-10-02	FAIL 1/3 on the released v1.7.0, the default mode: CHANGELOG.md, the truncating open of the rewritten file and the kill before its write leave it at 0 bytes, the original nowhere; replayed twice; the same in all three modes; ulimit -f 0 reproduces it. Cleared the 2026-09-22 gate and was never explored until now.. Filed on the owner's ruling
dogfood/2026-10-02-unjudged-on-v170	js-beautify	novel	fail	not_worth	-	spike/dogfood/2026-10-02-unjudged-on-v170/transcripts/page/js-beautify/explore.json	-	FAIL 1/4, the default mode: a.js, three operations, the truncating open of the rewritten file and the kill before its write leave it at 0 bytes, the original nowhere; replayed twice; the same in all three modes; ulimit -f 0 reproduces it. Not filed: a member commented on one of the last ten issues
dogfood/2026-10-02-unjudged-on-v170	ktlint	filed	fail	awaiting	ktlint/ktlint#3409	spike/dogfood/2026-10-02-unjudged-on-v170/transcripts/page/ktlint/explore.json	2026-10-02	FAIL 1/3, the default mode: Main.kt, the truncating open of the rewritten file and the kill before its write leave it at 0 bytes, the original nowhere; replayed twice; the same in all three modes; ulimit -f 0 reproduces it. Filed on the owner's ruling
dogfood/2026-10-02-unjudged-on-v170	ormolu	novel	fail	not_worth	-	spike/dogfood/2026-10-02-unjudged-on-v170/transcripts/page/ormolu/explore.json	-	FAIL 1/4, the default mode: A.hs cut with a truncate then written, the truncating open of the rewritten file and the kill before its write leave it at 0 bytes, the original nowhere; replayed twice; the same in all three modes; ulimit -f 0 reproduces it. Not filed: measured at Debian's 0.7.2.0, and the latest 0.9.0.0 has no linux/arm64 asset to measure
dogfood/2026-10-02-unjudged-on-v170	oxfmt	judged	fail	-	-	spike/dogfood/2026-10-02-unjudged-on-v170/transcripts/page/oxfmt-071/explore.json	-	oxfmt 0.71.0, the release after the one the gate-cleared-twelve run measured: FAIL 1/3 at the same point, a.js at 0 bytes; the same writer line. Not a new finding; the 0.70.0 row holds the disposition
dogfood/2026-10-02-unjudged-on-v170	pg_format	judged	fail	-	-	spike/dogfood/2026-10-02-unjudged-on-v170/transcripts/page/pg_format-511/explore.json	-	pgFormatter v5.11 from upstream, where the gate-cleared-twelve run measured Debian's 5.6: FAIL 1/3 at the same point, a.sql at 0 bytes. Not a new finding; the 5.6 row holds the disposition
dogfood/2026-10-02-unjudged-on-v170	php-cs-fixer	judged	fail	-	-	spike/dogfood/2026-10-02-unjudged-on-v170/transcripts/page/php-cs-fixer-r1/explore.json	-	PHP CS Fixer 3.95.27, its own phar, where the pint row holds the bundled v3.95.25: with --rules=@PSR12 --no-interaction FAIL 1/7 at the same point, a.php at 0 bytes. Run bare it asks whether to create a config file, writes that and a .gitignore, and never opens a.php for writing (PASS 5/5 over those writes, transcripts/page/php-cs-fixer/). Not a new finding; pint's row holds the disposition
dogfood/2026-10-02-unjudged-on-v170	chezmoi	judged	pass	-	-	spike/dogfood/2026-10-02-unjudged-on-v170/transcripts/page/chezmoi/supervised.json	-	PASS 6/6 under --observe supervised on the released v1.7.0, the first release to judge a static image; the 2026-09-27 run found the same on an unreleased build. The define is the corrected --force form, the image named by path, so the page's own path reached it. It judges no path (0 path(s) judged: the destination starts empty and the built-in rule judges only a file present before and after), as on 2026-09-27
dogfood/2026-10-02-unjudged-on-v170	gopass	judged	pass	-	-	spike/dogfood/2026-10-02-unjudged-on-v170/transcripts/page/gopass/supervised.json	-	PASS 4/4 under --observe supervised on the released v1.7.0, the rm -f form of 2026-09-27; the image named by path, so the page's path reached it
dogfood/2026-10-02-unjudged-on-v170	lefthook	judged	pass	-	-	spike/dogfood/2026-10-02-unjudged-on-v170/transcripts/modes/lefthook/supervised.json	-	PASS 5/5 under --observe supervised asked for by name, no checker (the 2026-09-27 form). The page's path did not get there: the first refusal under wrappers is oracle_missed_operation, whose next step names syscalls, which refuses the same way with no mode named
dogfood/2026-10-02-unjudged-on-v170	metaflac	judged	pass	-	-	spike/dogfood/2026-10-02-unjudged-on-v170/transcripts/page/metaflac/syscalls.json	-	PASS 13/13 under --observe syscalls on the released v1.7.0, the page's path following the wrappers refusal's next step; the 2026-09-07 follow-up found the same on an unreleased build
dogfood/2026-10-02-unjudged-on-v170	fontforge	judged	fail	-	-	spike/dogfood/2026-10-02-unjudged-on-v170/transcripts/page/fontforge/syscalls.json	-	FAIL 183/185 under --observe syscalls on the released v1.7.0, crash point 2 of 184: f.ttf opened with truncation and the kill before the first 4 KiB write leaves it at 0 bytes, the original nowhere; replayed twice; the 2026-09-07 follow-up found the same on an unreleased build. Under ulimit -f 0 it dies writing its script argument to an O_TMPFILE before f.ttf is opened.. Not filed: no tracker was read for it
dogfood/2026-10-02-unjudged-on-v170	mutool	report_worthy	fail	-	-	spike/dogfood/2026-10-02-unjudged-on-v170/transcripts/page/mutool/syscalls.json	-	FAIL 2/4 under --observe syscalls on the released v1.7.0, as the unreleased build of 2026-09-08, now on a release (the first this ledger and docs/target-classes.md record), and again on mutool 1.28.5 built from source: mutool clean a.pdf a.pdf unlinks the file and re-creates it with O_CREAT|O_EXCL, and the kill between them leaves no file at all; replayed twice; ulimit -f 0 leaves 0 bytes. The owner ruled it worth filing; MuPDF takes bugs on Artifex's Bugzilla, which needs an account, so the drafted report (report-mutool.md) is the owner's to post
dogfood/2026-10-02-unjudged-on-v170	joplin	attempted	unknown	wall	-	spike/dogfood/2026-10-02-unjudged-on-v170/transcripts/page/joplin/explore.json	-	multiple_threads_detected in all three modes of the released v1.7.0, the fourth campaign to meet it
dogfood/2026-10-02-unjudged-on-v170	Bitwarden	attempted	unknown	wall	-	spike/dogfood/2026-10-02-unjudged-on-v170/transcripts/page/bitwarden/explore.json	-	multiple_threads_detected in all three modes of the released v1.7.0
dogfood/2026-10-02-unjudged-on-v170	beets	attempted	unknown	wall	-	spike/dogfood/2026-10-02-unjudged-on-v170/transcripts/page/beets/explore.json	-	multiple_threads_detected in all three modes of the released v1.7.0
dogfood/2026-10-02-unjudged-on-v170	zstd	attempted	unknown	wall	-	spike/dogfood/2026-10-02-unjudged-on-v170/transcripts/page/zstd/syscalls.json	-	oracle_missed_operation under wrappers, multiple_threads_detected under syscalls and supervised, in both defines (crossed-walls and userview-3): an open on one thread and a write on another
dogfood/2026-10-02-unjudged-on-v170	lz4	attempted	unknown	wall	-	spike/dogfood/2026-10-02-unjudged-on-v170/transcripts/page/lz4/syscalls.json	-	oracle_missed_operation under wrappers, multiple_threads_detected under syscalls and supervised: two writes on two threads
dogfood/2026-10-02-unjudged-on-v170	prettier	attempted	unknown	wall	-	spike/dogfood/2026-10-02-unjudged-on-v170/transcripts/page/prettier/explore.json	-	multiple_threads_detected in all three modes
dogfood/2026-10-02-unjudged-on-v170	svgo	attempted	unknown	wall	-	spike/dogfood/2026-10-02-unjudged-on-v170/transcripts/page/svgo/explore.json	-	multiple_threads_detected in all three modes
dogfood/2026-10-02-unjudged-on-v170	npm pkg set	attempted	unknown	wall	-	spike/dogfood/2026-10-02-unjudged-on-v170/transcripts/page/npm-pkg-set/explore.json	-	multiple_threads_detected in all three modes
dogfood/2026-10-02-unjudged-on-v170	eslint	attempted	unknown	wall	-	spike/dogfood/2026-10-02-unjudged-on-v170/transcripts/page/eslint/explore.json	-	multiple_threads_detected in all three modes, as at the 2026-09-22 gate
dogfood/2026-10-02-unjudged-on-v170	stylelint	attempted	unknown	wall	-	spike/dogfood/2026-10-02-unjudged-on-v170/transcripts/page/stylelint/explore.json	-	multiple_threads_detected in all three modes, as at the 2026-09-22 gate
dogfood/2026-10-02-unjudged-on-v170	git	attempted	unknown	wall	-	spike/dogfood/2026-10-02-unjudged-on-v170/transcripts/page/git/explore.json	-	child_touched_state_dir in all three modes: the detached maintenance child writes .git/gc.pid.lock while the parent is still writing; supervised orders a child that leaves the group, not two writers at once
dogfood/2026-10-02-unjudged-on-v170	ocrmypdf	explored	unknown	wall	-	spike/dogfood/2026-10-02-unjudged-on-v170/transcripts/page/ocrmypdf/explore.json	-	baseline_violates_invariant in all three modes: the output differs between two clean runs
dogfood/2026-10-02-unjudged-on-v170	bat	explored	unknown	wall	-	spike/dogfood/2026-10-02-unjudged-on-v170/transcripts/page/bat/explore.json	-	baseline_violates_invariant in all three modes, with the clock pinned through libfaketime as on 2026-09-16
dogfood/2026-10-02-unjudged-on-v170	meson	explored	unknown	wall	-	spike/dogfood/2026-10-02-unjudged-on-v170/transcripts/page/meson/explore.json	-	baseline_violates_invariant in all three modes
dogfood/2026-10-02-unjudged-on-v170	ccache	explored	unknown	wall	-	spike/dogfood/2026-10-02-unjudged-on-v170/transcripts/page/ccache/explore.json	-	kill_did_not_land in all three modes
dogfood/2026-10-02-unjudged-on-v170	fish	attempted	unknown	wall	-	spike/dogfood/2026-10-02-unjudged-on-v170/transcripts/page/fish/explore.json	-	unsupported_syscall_observed (inotify_add_watch) in all three modes
dogfood/2026-10-02-unjudged-on-v170	vim	attempted	unknown	wall	-	spike/dogfood/2026-10-02-unjudged-on-v170/transcripts/page/vim/explore.json	-	unsupported_syscall_observed (getxattr) in all three modes
dogfood/2026-10-02-unjudged-on-v170	rrdtool	attempted	unknown	wall	-	spike/dogfood/2026-10-02-unjudged-on-v170/transcripts/page/rrdtool/explore.json	-	unsupported_syscall_observed (a PROT_WRITE|MAP_SHARED mapping) in all three modes; its copied checker is red on the seed (defines/rrdtool/ORIGIN.md) and never ran
dogfood/2026-10-03-user-data	samtools	judged	pass	-	-	spike/dogfood/2026-10-03-user-data/transcripts/explore/samtools/explore.json	-	PASS 4/4: reheader -i is one 302-byte write over the header in an O_RDWR file, then fdatasync; a torn write was not measured
dogfood/2026-10-03-user-data	doing	judged	fail	no_content_lost	-	spike/dogfood/2026-10-03-user-data/transcripts/explore/doing/explore.json	-	FAIL 1/3: doing.md truncated before its write; doing copies it to its backup directory first, so `doing undo` restores it
dogfood/2026-10-03-user-data	mapshaper	filed	fail	awaiting	mbloch/mapshaper#706	spike/dogfood/2026-10-03-user-data/transcripts/explore/mapshaper/explore.json	2026-10-03	FAIL 5/11: -o force truncates a.shp before its write, leaving .shx/.dbf old and the layer unreadable; ulimit -f 0 reproduces it
dogfood/2026-10-03-user-data	hcloud	judged	fail	not_worth	-	spike/dogfood/2026-10-03-user-data/transcripts/explore/hcloud/supervised.json	-	FAIL 1/3 under supervised: cli.toml truncated; API tokens the user re-issues - 2026-09-28's kubectl reason
dogfood/2026-10-03-user-data	talosctl	report_worthy	fail	-	-	spike/dogfood/2026-10-03-user-data/transcripts/explore/talosctl/supervised.json	-	FAIL 1/3 under supervised: the talosconfig (client keys for every context) emptied, 3086 -> 0 bytes under ulimit -f 0. Not filed: the tracker's bug template asks for evidence rather than an AI-generated explanation, and the owner chose not to file rather than write it themselves
dogfood/2026-10-03-user-data	kakoune	judged	fail	not_worth	-	spike/dogfood/2026-10-03-user-data/transcripts/explore/kakoune/explore.json	-	FAIL 2/5: writemethod defaults to overwrite and documents replace as the alternative; files usually under version control
dogfood/2026-10-03-user-data	nushell	judged	fail	-	-	spike/dogfood/2026-10-03-user-data/transcripts/explore/nushell/explore.json	-	FAIL 1/4: save -f truncates before its write (53 -> 0 under ulimit -f 0). Not put forward: nushell's AGENTS.md forbids an agent to create issues
dogfood/2026-10-03-user-data	babel	judged	pass	-	-	spike/dogfood/2026-10-03-user-data/transcripts/explore/babel/explore.json	-	PASS 7/7: each catalogue written to tmpmessages.po and renamed
dogfood/2026-10-03-user-data	notesmd-cli	filed	fail	awaiting	Yakitrak/notesmd-cli#137	spike/dogfood/2026-10-03-user-data/transcripts/explore/notesmd/supervised.json	2026-10-03	FAIL 2/6 under supervised: move rewrites every linking note with os.WriteFile; a linking note left at 0 bytes. Gate refused multiple_threads_detected in 2 of 5 runs
dogfood/2026-10-03-user-data	kubectx	judged	fail	not_worth	-	spike/dogfood/2026-10-03-user-data/transcripts/explore/kubectx/supervised.json	-	FAIL 6/9 under supervised: truncate(kubeconfig) then write; 2026-09-28's kubectl reason. Its novelty pre-scan finished after the explore
dogfood/2026-10-03-user-data	transmission-edit	judged	pass	-	-	spike/dogfood/2026-10-03-user-data/transcripts/explore/transmission/explore.json	-	PASS 4/4: a .tmp.XXXXXX file created O_EXCL and renamed over the torrent (Debian 4.1.0~beta2)
dogfood/2026-10-03-user-data	perl	judged	pass	-	-	spike/dogfood/2026-10-03-user-data/transcripts/explore/perl/explore.json	-	PASS 7/7: perl -i writes a random name in the same directory and renames it (Debian 5.40.1)
dogfood/2026-10-03-user-data	z.lua	judged	pass	-	-	spike/dogfood/2026-10-03-user-data/transcripts/explore/zlua/explore.json	-	PASS 6/6 with the clock pinned: zlua.db.<n> written and renamed
dogfood/2026-10-03-user-data	kubecm	judged	fail	not_worth	-	spike/dogfood/2026-10-03-user-data/transcripts/explore/kubecm/supervised.json	-	FAIL 1/3 under supervised: the kubeconfig truncated before its write; as kubectx
dogfood/2026-10-03-user-data	podman	judged	pass	-	-	spike/dogfood/2026-10-03-user-data/transcripts/explore/podman/syscalls.json	-	PASS 7/7 under --observe syscalls: a lock file, then .tmp-podman-connections.json<n> O_EXCL and a rename (Debian 5.4.2). Its novelty pre-scan finished after the explore
dogfood/2026-10-03-user-data	bzip3	judged	pass	-	-	spike/dogfood/2026-10-03-user-data/transcripts/explore/bzip3/explore.json	-	PASS 5/5: a.log.bz3 written and fsynced, then a.log unlinked
dogfood/2026-10-03-user-data	dotter	explored	unknown	wall	-	spike/dogfood/2026-10-03-user-data/transcripts/explore/dotter/supervised.json	-	kill_did_not_land under supervised, 4 violations counted among 8 worlds first; cause not measured
dogfood/2026-10-03-user-data	luarocks	judged	fail	not_worth	-	spike/dogfood/2026-10-03-user-data/transcripts/explore/luarocks/explore.json	-	FAIL 1/5: config-5.4.lua truncated before its write; a settings file
dogfood/2026-10-03-user-data	minikube	judged	fail	not_worth	-	spike/dogfood/2026-10-03-user-data/transcripts/explore/minikube/supervised.json	-	FAIL 1/3 under supervised: config.json truncated before its write; a settings file
dogfood/2026-10-03-user-data	kustomize	judged	fail	not_worth	-	spike/dogfood/2026-10-03-user-data/transcripts/explore/kustomize/supervised.json	-	FAIL 1/3 under supervised: kustomization.yaml truncated; under version control
dogfood/2026-10-03-user-data	hexapdf	attempted	unknown	wall	-	spike/dogfood/2026-10-03-user-data/transcripts/entry-out/entry/hexapdf.preflight.txt	-	--twice: a.pdf differs, with the clock pinned too
dogfood/2026-10-03-user-data	mu	attempted	unknown	wall	-	spike/dogfood/2026-10-03-user-data/transcripts/entry-out/entry/mu.preflight.txt	-	--twice: the Xapian index differs; kept outside the state root the second recorded run failed instead
dogfood/2026-10-03-user-data	dotdrop	attempted	unknown	wall	-	spike/dogfood/2026-10-03-user-data/transcripts/entry-out/entry/dotdrop.preflight.txt	-	unsupported_syscall_observed (listxattr)
dogfood/2026-10-03-user-data	dotenvx	attempted	unknown	wall	-	spike/dogfood/2026-10-03-user-data/transcripts/entry-out/entry/dotenvx.preflight.txt	-	multiple_threads_detected on .env.keys
dogfood/2026-10-03-user-data	tofu	attempted	unknown	wall	-	spike/dogfood/2026-10-03-user-data/transcripts/entry-out/entry/tofu.preflight.txt	-	multiple_threads_detected under supervised (OpenTofu state rm)
dogfood/2026-10-03-user-data	electrum	attempted	unknown	wall	-	spike/dogfood/2026-10-03-user-data/transcripts/entry-out/entry/electrum.preflight.txt	-	multiple_threads_detected (setlabel, --offline)
dogfood/2026-10-03-user-data	doctl	attempted	unknown	wall	-	spike/dogfood/2026-10-03-user-data/transcripts/entry-out/entry/doctl.preflight.txt	-	multiple_threads_detected under supervised (auth switch)
dogfood/2026-10-03-user-data	bibtex-tidy	attempted	unknown	wall	-	spike/dogfood/2026-10-03-user-data/transcripts/entry-out/entry/bibtex-tidy.preflight.txt	-	multiple_threads_detected (Node)
dogfood/2026-10-03-user-data	gocryptfs	attempted	unknown	wall	-	spike/dogfood/2026-10-03-user-data/transcripts/entry-out/entry/gocryptfs.preflight.txt	-	child_process_detected: -passwd reads the new password from stdin, so the operation was a script that execs it
dogfood/2026-10-03-user-data	flatpak	attempted	unknown	wall	-	spike/dogfood/2026-10-03-user-data/transcripts/entry-out/entry/flatpak.preflight.txt	-	unresolvable_path (override --user, Debian 1.16.6)
dogfood/2026-10-03-user-data	upx	attempted	unknown	wall	-	spike/dogfood/2026-10-03-user-data/transcripts/entry-out/entry/upx.preflight.txt	-	recording_run_failed: restore resets permission bits, and upx refuses the 0644 copy; a Sideeye limit, not the target's
dogfood/2026-10-03-user-data	argocd	attempted	unknown	wall	-	spike/dogfood/2026-10-03-user-data/transcripts/entry-out/entry/argocd.preflight.txt	-	recording_run_failed: restore turns the 0600 config 0644 and argocd refuses it; the same Sideeye limit as upx
dogfood/2026-10-03-user-data	dwarfs	filed	fail	awaiting	mhx/dwarfs#388	spike/dogfood/2026-10-03-user-data/transcripts/probe-dwarfs-same-path.txt	2026-10-03	Not an explore: a PLAIN run breaks the built-in rule's property (the image holds neither old nor new content) - mkdwarfs --recompress -f onto its own input truncates it before reading. Kept as fail/filed because this ledger has no stage for a filing that is not an engine counterexample
dogfood/2026-10-05-user-data-2	solvespace	filed	fail	awaiting	solvespace/solvespace#1783	spike/dogfood/2026-10-05-user-data-2/transcripts/explore/solvespace/syscalls.json	2026-10-05	FAIL 15/17 under --observe syscalls (the next step): solvespace-cli regenerate truncates part.slvs before its first write; with writes failing it prints Written and exits 0, and in the GUI that success deletes the autosave (read in the source)
dogfood/2026-10-05-user-data-2	wp-cli	filed	fail	awaiting	wp-cli/config-command#233	spike/dogfood/2026-10-05-user-data-2/transcripts/explore/wp-cli/explore.json	2026-10-05	FAIL 1/4: wp config set opens wp-config.php, ftruncates it and is killed before the write (file_put_contents with LOCK_EX in wp-config-transformer): 369 -> 0 bytes, the site's database credentials and salts gone
dogfood/2026-10-05-user-data-2	rasterio	judged	fail	-	-	spike/dogfood/2026-10-05-user-data-2/transcripts/explore/rasterio/explore.json	-	FAIL 3/6: rio edit-info rewrites the GeoTIFF in place in several writes; killed between two it is neither old nor new. Not put forward: whether a reader still opens it was not measured
dogfood/2026-10-05-user-data-2	goi18n	judged	fail	not_worth	-	spike/dogfood/2026-10-05-user-data-2/transcripts/explore/goi18n/supervised.json	-	FAIL 2/5 under supervised: merge truncates active.ja.toml before its write; translation files live under version control
dogfood/2026-10-05-user-data-2	juju	judged	pass	-	-	spike/dogfood/2026-10-05-user-data-2/transcripts/explore/juju/supervised.json	-	PASS 5/5 under supervised: credentials.yaml<n> created O_EXCL, fsynced and renamed
dogfood/2026-10-05-user-data-2	pymol	filed	fail	awaiting	schrodinger/pymol-open-source#520	spike/dogfood/2026-10-05-user-data-2/transcripts/explore/pymol/explore.json	2026-10-05	FAIL 1/3: save truncates the existing .pse before its one write; with writes failing it prints the OSError and exits 0 (Debian 3.1.0, upstream's latest tag)
dogfood/2026-10-05-user-data-2	i18n-tasks	judged	fail	not_worth	-	spike/dogfood/2026-10-05-user-data-2/transcripts/explore/i18n-tasks/explore.json	-	FAIL 2/5: add-missing truncates en.yml before its write; under version control
dogfood/2026-10-05-user-data-2	dynaconf	judged	fail	not_worth	-	spike/dogfood/2026-10-05-user-data-2/transcripts/explore/dynaconf/explore.json	-	FAIL 1/3: write toml -s truncates .secrets.toml before its write; secrets the user re-issues
dogfood/2026-10-05-user-data-2	stripe-cli	judged	fail	not_worth	-	spike/dogfood/2026-10-05-user-data-2/transcripts/explore/stripe/supervised.json	-	FAIL 1/6 under supervised: config --set truncates config.toml (API keys per profile); keys the user re-issues
dogfood/2026-10-05-user-data-2	tenv	judged	fail	not_worth	-	spike/dogfood/2026-10-05-user-data-2/transcripts/explore/tenv/supervised.json	-	FAIL 1/3 under supervised: tf constraint truncates Terraform/constraint; a setting
dogfood/2026-10-05-user-data-2	gltfpack	report_worthy	fail	-	-	spike/dogfood/2026-10-05-user-data-2/transcripts/explore/gltfpack/explore.json	-	FAIL 1/3: -i x -o x truncates terrain.glb before its write (3788 -> 0). Not filed: meshoptimizer's CONTRIBUTING.md closes AI-generated issues and may ban repeat submitters
dogfood/2026-10-05-user-data-2	wrangler	judged	fail	not_worth	-	spike/dogfood/2026-10-05-user-data-2/transcripts/explore/wrangler/explore.json	-	FAIL 1/4 with the clock pinned: telemetry disable truncates metrics.json; a setting
dogfood/2026-10-05-user-data-2	kaggle	judged	fail	not_worth	-	spike/dogfood/2026-10-05-user-data-2/transcripts/explore/kaggle/explore.json	-	FAIL 1/3: config set truncates kaggle.json (username and API key); a key the user re-issues
dogfood/2026-10-05-user-data-2	velero	judged	fail	not_worth	-	spike/dogfood/2026-10-05-user-data-2/transcripts/explore/velero/supervised.json	-	FAIL 1/3 under supervised: client config set truncates config.json; a setting
dogfood/2026-10-05-user-data-2	crictl	judged	fail	not_worth	-	spike/dogfood/2026-10-05-user-data-2/transcripts/explore/crictl/supervised.json	-	FAIL 1/3 under supervised: config --set truncates crictl.yaml; a setting
dogfood/2026-10-05-user-data-2	toybox	judged	pass	-	-	spike/dogfood/2026-10-05-user-data-2/transcripts/explore/toybox/explore.json	-	PASS 10/10: sed -i writes each file to a random name in its directory and renames it
dogfood/2026-10-05-user-data-2	go	judged	fail	not_worth	-	spike/dogfood/2026-10-05-user-data-2/transcripts/explore/go/supervised.json	-	FAIL 1/3 under supervised (v1.8.0's next step for a static image named bare): go env -w truncates the GOENV file before its write (112 -> 0); a setting. go1.27.1 from go.dev, telemetry off in the seed. In uv's place
dogfood/2026-10-05-user-data-2	gita	judged	fail	not_worth	-	spike/dogfood/2026-10-05-user-data-2/transcripts/explore/gita/explore.json	-	FAIL 2/7: rename truncates repos.csv before its write; a registry gita add rebuilds
dogfood/2026-10-05-user-data-2	k8sgpt	judged	fail	not_worth	-	spike/dogfood/2026-10-05-user-data-2/transcripts/explore/k8sgpt/supervised.json	-	FAIL 1/4 under supervised: auth remove truncates k8sgpt.yaml (every AI backend's key); keys the user re-issues
dogfood/2026-10-05-user-data-2	kubeadm	judged	fail	not_worth	-	spike/dogfood/2026-10-05-user-data-2/transcripts/explore/kubeadm/supervised.json	-	FAIL 1/3 under supervised: config migrate onto its input truncates kubeadm.yaml; kept beside the cluster, usually under version control
dogfood/2026-10-05-user-data-2	sheldon	judged	fail	not_worth	-	spike/dogfood/2026-10-05-user-data-2/transcripts/explore/sheldon/supervised.json	-	FAIL 1/3 under supervised: add truncates plugins.toml (config.to_path -> fs::write); a dotfile
dogfood/2026-10-05-user-data-2	yt-dlp	judged	pass	-	-	spike/dogfood/2026-10-05-user-data-2/transcripts/explore/yt-dlp/explore.json	-	PASS 3/3: the download archive opened O_APPEND and one line written
dogfood/2026-10-05-user-data-2	conan	judged	pass	-	-	spike/dogfood/2026-10-05-user-data-2/transcripts/explore/conan/explore.json	-	PASS 5/5: remotes.json.tmp written and renamed
dogfood/2026-10-05-user-data-2	skopeo	judged	pass	-	-	spike/dogfood/2026-10-05-user-data-2/transcripts/explore/skopeo/syscalls.json	-	PASS 5/5 under --observe syscalls (the next step): .tmp-auth.json<n> created O_EXCL, fdatasynced and renamed (Debian 1.18.0)
dogfood/2026-10-05-user-data-2	regctl	judged	pass	-	-	spike/dogfood/2026-10-05-user-data-2/transcripts/explore/regctl/supervised.json	-	PASS 6/6 under supervised: config.json<n> created O_EXCL and renamed
dogfood/2026-10-05-user-data-2	turbo	judged	fail	not_worth	-	spike/dogfood/2026-10-05-user-data-2/transcripts/explore/turbo/supervised.json	-	FAIL 1/3 under supervised: telemetry disable truncates telemetry.json; a setting. Its tracker's scan finished after the explore and found no veto
dogfood/2026-10-05-user-data-2	wandb	judged	fail	not_worth	-	spike/dogfood/2026-10-05-user-data-2/transcripts/explore/wandb/explore.json	-	FAIL 1/5: offline truncates the settings file; a setting
dogfood/2026-10-05-user-data-2	platformio	judged	fail	not_worth	-	spike/dogfood/2026-10-05-user-data-2/transcripts/explore/platformio/explore.json	-	FAIL 1/5 with the clock pinned: settings set truncates appstate.json; a setting
dogfood/2026-10-05-user-data-2	nerdctl	judged	pass	-	-	spike/dogfood/2026-10-05-user-data-2/transcripts/explore/nerdctl/supervised.json	-	PASS 4/4 under supervised: config.json<n> created O_EXCL and renamed (docker/cli's configfile)
dogfood/2026-10-05-user-data-2	oras	judged	pass	-	-	spike/dogfood/2026-10-05-user-data-2/transcripts/explore/oras/supervised.json	-	PASS 4/4 under supervised: oras_credstore_temp_<n> created O_EXCL and renamed
dogfood/2026-10-05-user-data-2	ffsubsync	filed	fail	awaiting	smacke/ffsubsync#240	spike/dogfood/2026-10-05-user-data-2/transcripts/explore/ffsubsync/explore.json	2026-10-05	FAIL 1/3: --overwrite-input truncates the subtitle before its write; with writes failing, an OSError and exit 0. Out of the slate: a cohort-4 candidate already (CANDIDATES-REJECTED.md, rule 5); filed on the owner's choice made before that was found
dogfood/2026-10-05-user-data-2	uv	judged	fail	not_worth	-	spike/dogfood/2026-10-05-user-data-2/transcripts/explore/uv/explore.json	-	FAIL 1/6: auth logout truncates credentials.toml; credentials the user re-issues. Out of the slate: the 2026-09-05 selection had met uv, and this run screened it as uv-cli
dogfood/2026-10-05-user-data-2	huggingface_hub	judged	fail	known	-	spike/dogfood/2026-10-05-user-data-2/transcripts/explore/hf/explore.json	-	FAIL 1/8: hf auth logout truncates stored_tokens. Rule 14: huggingface/huggingface_hub#5013 reported this write; its fix (#5021) changed the encoding only
dogfood/2026-10-05-user-data-2	ntfs-3g	judged	fail	known	-	spike/dogfood/2026-10-05-user-data-2/transcripts/explore/ntfslabel/syscalls.json	-	FAIL 1/5 under --observe syscalls (the next step): ntfslabel writes the volume in place; killed between two writes it is neither old nor new. Rule 14: tuxera/ntfs-3g#104
dogfood/2026-10-05-user-data-2	opam	judged	pass	-	-	spike/dogfood/2026-10-05-user-data-2/transcripts/explore/opam/supervised.json	-	PASS 6/6 under supervised: opam-atomic<n>.tmp created O_EXCL and renamed over config. Out of the slate on rule 14: ocaml/opam#4157, fixed by #5489
dogfood/2026-10-05-user-data-2	juliaup	judged	pass	-	-	spike/dogfood/2026-10-05-user-data-2/transcripts/explore/juliaup/supervised.json	-	PASS 59/59 under supervised: .tmp<n> created O_EXCL and renamed over juliaup.json. Out of the slate on rule 14: JuliaLang/juliaup#1221, fixed by #1295
dogfood/2026-10-05-user-data-2	python-dotenv	judged	pass	-	-	spike/dogfood/2026-10-05-user-data-2/transcripts/explore/dotenv/explore.json	-	PASS 4/4: .tmp_<n> created O_EXCL and renamed over .env. Out of the slate on rule 14: theskumar/python-dotenv#713 (no fsync before the rename)
dogfood/2026-10-05-user-data-2	azure-cli	judged	fail	known	-	spike/dogfood/2026-10-05-user-data-2/transcripts/explore/azure-cli/explore.json	-	FAIL 3/25 with the clock pinned: config set truncates config. Rule 14: Azure/azure-cli#34060 (open) rewrites _session.py's 'w' writes
dogfood/2026-10-05-user-data-2	ggshield	judged	pass	-	-	spike/dogfood/2026-10-05-user-data-2/transcripts/explore/ggshield/explore.json	-	PASS 6/6 of the wrong file: the judged path was the seeded .gitguardian.yaml; config set wrote auth_config.yaml, absent before, with a truncating open, and a new path is not judged. A define error. Out of the slate on rule 14: GitGuardian/ggshield#1243 (open)
dogfood/2026-10-05-user-data-2	aliyun-cli	judged	pass	-	-	spike/dogfood/2026-10-05-user-data-2/transcripts/explore/aliyun/supervised.json	-	PASS 7/7 under --observe supervised asked for by name: .config.json.tmp-<n> created O_EXCL, fsynced, renamed. The page's path ended at oracle_missed_operation, then syscalls refused with no mode named: the static parent runs uname, a dynamic child that leaves the shim's marker. Out of the slate on rule 14: aliyun/aliyun-cli#1387
dogfood/2026-10-05-user-data-2	dokuwiki	attempted	-	known	-	spike/dogfood/2026-10-05-user-data-2/transcripts/receipts/dokuwiki_dokuwiki.prescan.txt	-	Cleared the gate; vetoed before its explore: #677 pages saved empty on a full disk, #1303 users.auth.php replaced by a zero-byte file, fixed by write-new-then-rename
dogfood/2026-10-05-user-data-2	lighthouse	attempted	-	known	-	spike/dogfood/2026-10-05-user-data-2/transcripts/receipts/sigp_lighthouse.prescan.txt	-	Cleared the gate; vetoed before its explore: #2338 (closing #2159) writes validator_definitions.yml through a temporary file and a rename
dogfood/2026-10-05-user-data-2	jump	attempted	-	known	-	spike/dogfood/2026-10-05-user-data-2/transcripts/receipts/gsamokovarov_jump.prescan.txt	-	Cleared the gate; vetoed before its explore: #9 scores.json malformed on a full disk, #10 atomic writes to fix it
dogfood/2026-10-05-user-data-2	basic-memory	attempted	unknown	wall	-	spike/dogfood/2026-10-05-user-data-2/transcripts/entry-out/entry/basic-memory.preflight.txt	-	multiple_threads_detected at the gate
dogfood/2026-10-05-user-data-2	codex	attempted	unknown	wall	-	spike/dogfood/2026-10-05-user-data-2/transcripts/entry-out/entry/codex.preflight.txt	-	multiple_threads_detected at the gate, under supervised (static Rust)
dogfood/2026-10-05-user-data-2	gemini	attempted	unknown	wall	-	spike/dogfood/2026-10-05-user-data-2/transcripts/entry-out/entry/gemini.preflight.txt	-	gemini-cli 0.62.0: multiple_threads_detected at the gate
dogfood/2026-10-05-user-data-2	gltf-transform	attempted	unknown	wall	-	spike/dogfood/2026-10-05-user-data-2/transcripts/entry-out/entry/gltf-transform.preflight.txt	-	multiple_threads_detected at the gate
dogfood/2026-10-05-user-data-2	lingui	attempted	unknown	wall	-	spike/dogfood/2026-10-05-user-data-2/transcripts/entry-out/entry/lingui.preflight.txt	-	multiple_threads_detected at the gate
dogfood/2026-10-05-user-data-2	steamguard	attempted	unknown	wall	-	spike/dogfood/2026-10-05-user-data-2/transcripts/entry-out/entry/steamguard.preflight.txt	-	steamguard-cli 0.18.4: multiple_threads_detected at the gate
dogfood/2026-10-05-user-data-2	vercel	attempted	unknown	wall	-	spike/dogfood/2026-10-05-user-data-2/transcripts/entry-out/entry/vercel.preflight.txt	-	multiple_threads_detected at the gate
dogfood/2026-10-05-user-data-2	monero	attempted	unknown	wall	-	spike/dogfood/2026-10-05-user-data-2/transcripts/entry-out/entry/monero.preflight.txt	-	monero-wallet-cli: --twice differs on the wallet file w, with the clock pinned
dogfood/2026-10-05-user-data-2	infracost	attempted	unknown	wall	-	spike/dogfood/2026-10-05-user-data-2/transcripts/entry-out/entry/infracost.preflight.txt	-	--twice differs on .state.json, under supervised (static Go)
dogfood/2026-10-05-user-data-2	xmake	attempted	unknown	wall	-	spike/dogfood/2026-10-05-user-data-2/transcripts/entry-out/entry/xmake.preflight.txt	-	--twice differs on xmake.conf: its tables are written in a varying order
dogfood/2026-10-05-user-data-2	firewalld	attempted	unknown	wall	-	spike/dogfood/2026-10-05-user-data-2/transcripts/entry-out/entry/firewalld.preflight.txt	-	unsupported_syscall_observed (listxattr), firewall-offline-cmd from Debian 2.3.1
dogfood/2026-10-05-user-data-2	fitscheck	attempted	unknown	wall	-	spike/dogfood/2026-10-05-user-data-2/transcripts/entry-out/entry/fitscheck.preflight.txt	-	astropy 8.0.1: unsupported_syscall_observed (mmap with PROT_WRITE and MAP_SHARED)
dogfood/2026-10-05-user-data-2	homeassistant	attempted	unknown	wall	-	spike/dogfood/2026-10-05-user-data-2/transcripts/entry-out/entry/homeassistant.preflight.txt	-	unresolvable_path: an operation whose path the trace closed
dogfood/2026-10-05-user-data-2	firebase	attempted	unknown	wall	-	spike/dogfood/2026-10-05-user-data-2/transcripts/entry-out/entry/firebase.preflight.txt	-	firebase-tools 15.32.1: child_touched_state_dir, a child makes configstore's directory
dogfood/2026-10-06-read-only-684	vim	attempted	unknown	wall	-	spike/dogfood/2026-10-06-read-only-684/transcripts/measure/vim/wrappers.json	-	unsupported_syscall_observed (setxattr) in all three modes, once getxattr reads as a read (#684): vim writes the ACL back after saving
dogfood/2026-10-06-read-only-684	fish	judged	pass	-	-	spike/dogfood/2026-10-06-read-only-684/transcripts/measure/fish/wrappers.json	-	PASS 6/6 in all three modes once inotify_add_watch reads as a read (#684); the checker was falsified
dogfood/2026-10-06-read-only-684	dotdrop	judged	fail	no_content_lost	-	spike/dogfood/2026-10-06-read-only-684/transcripts/measure/dotdrop/wrappers.json	-	FAIL 2/15 in all three modes once listxattr reads as a read (#684): home/.bashrc (crash point 6) and home/.gitconfig (13) each truncated before its write; in both worlds the file's .dotdropbak holds the old bytes, the second measured in transcripts/measure/dotdrop/worlds.tsv
dogfood/2026-10-06-read-only-684	firewalld	judged	fail	no_content_lost	-	spike/dogfood/2026-10-06-read-only-684/transcripts/measure/firewalld/wrappers.json	-	FAIL 1/6 in all three modes once listxattr reads as a read (#684): zones/public.xml truncated before its write; the old bytes are in zones/public.xml.old
