a-topydo-add	A	topydo	python-cli	l0c	sha256:6c7d19e12fd5114162d2ab38830546bb51fcab0c30332a61ad4cf894b524ec39	campaign.sh bh1 topydo add	f78ffb098320611448cd65060e93f0391833510f490c909325f08fd5cee0210a	a-topydo-add/report.json	1
a-topydo-append	A	topydo	python-cli	l0c	sha256:6c7d19e12fd5114162d2ab38830546bb51fcab0c30332a61ad4cf894b524ec39	campaign.sh bh1 topydo append	f78ffb098320611448cd65060e93f0391833510f490c909325f08fd5cee0210a	a-topydo-append/report.json	1
a-topydo-del	A	topydo	python-cli	l0c	sha256:6c7d19e12fd5114162d2ab38830546bb51fcab0c30332a61ad4cf894b524ec39	campaign.sh bh1 topydo del	f78ffb098320611448cd65060e93f0391833510f490c909325f08fd5cee0210a	a-topydo-del/report.json	1
a-topydo-dep-add	A	topydo	python-cli	l0c	sha256:6c7d19e12fd5114162d2ab38830546bb51fcab0c30332a61ad4cf894b524ec39	campaign.sh bh1 topydo dep-add	f78ffb098320611448cd65060e93f0391833510f490c909325f08fd5cee0210a	a-topydo-dep-add/report.json	1
a-topydo-dep-rm	A	topydo	python-cli	l0c	sha256:6c7d19e12fd5114162d2ab38830546bb51fcab0c30332a61ad4cf894b524ec39	campaign.sh bh1 topydo dep-rm	f78ffb098320611448cd65060e93f0391833510f490c909325f08fd5cee0210a	a-topydo-dep-rm/report.json	1
a-topydo-depri	A	topydo	python-cli	l0c	sha256:6c7d19e12fd5114162d2ab38830546bb51fcab0c30332a61ad4cf894b524ec39	campaign.sh bh1 topydo depri	f78ffb098320611448cd65060e93f0391833510f490c909325f08fd5cee0210a	a-topydo-depri/report.json	1
a-topydo-do	A	topydo	python-cli	l0c	sha256:6c7d19e12fd5114162d2ab38830546bb51fcab0c30332a61ad4cf894b524ec39	campaign.sh bh1 topydo do	f78ffb098320611448cd65060e93f0391833510f490c909325f08fd5cee0210a	a-topydo-do/report.json	1
a-topydo-ls	A	topydo	python-cli	l0c	sha256:6c7d19e12fd5114162d2ab38830546bb51fcab0c30332a61ad4cf894b524ec39	campaign.sh bh1 topydo ls	f78ffb098320611448cd65060e93f0391833510f490c909325f08fd5cee0210a	a-topydo-ls/report.json	0
a-topydo-postpone	A	topydo	python-cli	l0c	sha256:6c7d19e12fd5114162d2ab38830546bb51fcab0c30332a61ad4cf894b524ec39	campaign.sh bh1 topydo postpone	f78ffb098320611448cd65060e93f0391833510f490c909325f08fd5cee0210a	a-topydo-postpone/report.json	1
a-topydo-pri	A	topydo	python-cli	l0c	sha256:6c7d19e12fd5114162d2ab38830546bb51fcab0c30332a61ad4cf894b524ec39	campaign.sh bh1 topydo pri	f78ffb098320611448cd65060e93f0391833510f490c909325f08fd5cee0210a	a-topydo-pri/report.json	1
a-topydo-revert	A	topydo	python-cli	l0c	sha256:6c7d19e12fd5114162d2ab38830546bb51fcab0c30332a61ad4cf894b524ec39	campaign.sh bh1 topydo revert	f78ffb098320611448cd65060e93f0391833510f490c909325f08fd5cee0210a	a-topydo-revert/report.json	1
a-topydo-sort	A	topydo	python-cli	l0c	sha256:6c7d19e12fd5114162d2ab38830546bb51fcab0c30332a61ad4cf894b524ec39	campaign.sh bh1 topydo sort	f78ffb098320611448cd65060e93f0391833510f490c909325f08fd5cee0210a	a-topydo-sort/report.json	1
a-topydo-tag	A	topydo	python-cli	l0c	sha256:6c7d19e12fd5114162d2ab38830546bb51fcab0c30332a61ad4cf894b524ec39	campaign.sh bh1 topydo tag	f78ffb098320611448cd65060e93f0391833510f490c909325f08fd5cee0210a	a-topydo-tag/report.json	1
a-abook-import	A	abook	c-cli	l0c	sha256:6c7d19e12fd5114162d2ab38830546bb51fcab0c30332a61ad4cf894b524ec39	campaign.sh bh2 abook import	e12c7952beea56c9956350850db404bc24893fd52ebfd84587ecbf7d97364a03	a-abook-import/report.json	0
a-abook-export	A	abook	c-cli	l0c	sha256:6c7d19e12fd5114162d2ab38830546bb51fcab0c30332a61ad4cf894b524ec39	campaign.sh bh2 abook export	e12c7952beea56c9956350850db404bc24893fd52ebfd84587ecbf7d97364a03	a-abook-export/report.json	0
a-abook-refused	A	abook	c-cli	l0c	sha256:6c7d19e12fd5114162d2ab38830546bb51fcab0c30332a61ad4cf894b524ec39	campaign.sh bh2 abook refused	e12c7952beea56c9956350850db404bc24893fd52ebfd84587ecbf7d97364a03	a-abook-refused/report.json	0
a-khal-import	A	khal	python-cli	l0c	sha256:6c7d19e12fd5114162d2ab38830546bb51fcab0c30332a61ad4cf894b524ec39	campaign.sh bh3 khal import	12619d7d73cdfc4f38b5a722dbacf8def7afb0fc68064434323a6dad959f1bfe	a-khal-import/report.json	0
a-khal-update	A	khal	python-cli	l0c	sha256:6c7d19e12fd5114162d2ab38830546bb51fcab0c30332a61ad4cf894b524ec39	campaign.sh bh3 khal update	12619d7d73cdfc4f38b5a722dbacf8def7afb0fc68064434323a6dad959f1bfe	a-khal-update/report.json	0
a-khal-new	A	khal	python-cli	l0c	sha256:6c7d19e12fd5114162d2ab38830546bb51fcab0c30332a61ad4cf894b524ec39	campaign.sh bh3 khal new	12619d7d73cdfc4f38b5a722dbacf8def7afb0fc68064434323a6dad959f1bfe	a-khal-new/report.json	0
a-buku-add	A	buku	python-sqlite	l0c	sha256:e3f017b06c2900958cc383f9b35a9ea7f00a57b8aba67e8b8457ff2361418250	assisted.sh buku	2d8154dc0ba9e877c0d2221e0fa80fc76f52870a77c1c6b3c903f30a7ac34575	a-buku-add/report.json	1
a-calcurse-purge	A	calcurse	c-cli	l0c	sha256:e3f017b06c2900958cc383f9b35a9ea7f00a57b8aba67e8b8457ff2361418250	assisted.sh calcurse	5ad1038e18f00af4c9c77e434fa793a6b530b0a1bd18b840d373b5691fbeaf27	a-calcurse-purge/report.json	1
a-devtodo-remove	A	devtodo	cxx-cli	l0c	sha256:e3f017b06c2900958cc383f9b35a9ea7f00a57b8aba67e8b8457ff2361418250	assisted.sh devtodo	a1e86ff0fd05e026887017359e7a7bbcde6e6189814e0b9a7af6152185f3eeff	a-devtodo-remove/report.json	1
a-stow-unfold	A	stow	perl-cli	l0c	sha256:e3f017b06c2900958cc383f9b35a9ea7f00a57b8aba67e8b8457ff2361418250	assisted.sh stow	23b7c53b1a2d3a66178ca6584b7ca13c58a3525b6baecf0026e88693e0adfd0e	a-stow-unfold/report.json	1
a-watson-add	A	watson	python-cli	l0c	sha256:ecc091df6cfff95a7d6784a576276658e188ca0512c8bab18f4aa672efde6b9f	watson.sh watson	d10e06244f72b54ef15d8cd9c78159bdd74b21d9d90cc835187a26ad8b21d9b2	a-watson-add/report.json	2
a-timew-a	A	timewarrior	c-cpp-cli	l0	sha256:ecc091df6cfff95a7d6784a576276658e188ca0512c8bab18f4aa672efde6b9f	dogfood.sh timew	418d4238c98cff70ce2f77bffcc6217699337838837242b2dd81590e7e901411	inv-timew/run/a/report.json	0
a-timew-b	A	timewarrior	c-cpp-cli	l0c	sha256:ecc091df6cfff95a7d6784a576276658e188ca0512c8bab18f4aa672efde6b9f	dogfood.sh timew	418d4238c98cff70ce2f77bffcc6217699337838837242b2dd81590e7e901411	inv-timew/run/b/report.json	0
a-todoman-a	A	todoman	python-cli	l0	sha256:ecc091df6cfff95a7d6784a576276658e188ca0512c8bab18f4aa672efde6b9f	dogfood.sh todoman	2ae92db23b033bea41ae013f2e3422fea686135695aece664b8f3d3573e7513d	inv-todoman/run/a/report.json	0
a-todoman-b	A	todoman	python-cli	l0c	sha256:ecc091df6cfff95a7d6784a576276658e188ca0512c8bab18f4aa672efde6b9f	dogfood.sh todoman	2ae92db23b033bea41ae013f2e3422fea686135695aece664b8f3d3573e7513d	inv-todoman/run/b/report.json	0
a-hg-commit	A	hg	dvcs-transactional	l0c	sha256:2776e6bf02bcf92146ac06ed9961069190065257d1937c7fd06bc683f2665486	cohort.sh cohort2 hg-r4	b56bf7e593f0c78f07f251144df86d5002fcc78cd9527b24c4e06445f547360f	a-hg-commit/report.json	1
a-borg-create	A	borg	dedup-backup-repo	l0c	sha256:2776e6bf02bcf92146ac06ed9961069190065257d1937c7fd06bc683f2665486	cohort.sh cohort2 borg-r3	7a53b97e7c409e930ba621899c4cf5733426c367bd2e0b3630467ff9149de499	a-borg-create/report.json	1
a-black-format	A	black	python-inplace-formatter	l0c	sha256:a2166cbd16795f503eed4aa1756e822bba9a0b62d391f011b8f4f398a5dca380	cohort.sh cohort3 black	39d294015351a209452c927487b312a2c016c42a127ccc4dd333cf7221eae8b2	a-black-format/report.json	1
a-papis-add	A	papis	python-library-store	l0c	sha256:a2166cbd16795f503eed4aa1756e822bba9a0b62d391f011b8f4f398a5dca380	cohort.sh cohort3 papis	812126301a923446985454bcbf02e0fbf98e144d29a318229668cd6458c5dd25	a-papis-add/report.json	0
a-poetry-add	A	poetry	python-manifest-lock	l0c	sha256:a2166cbd16795f503eed4aa1756e822bba9a0b62d391f011b8f4f398a5dca380	cohort.sh cohort3 poetry	db969cbd2b1058a87a1a57525c6c68826ab3f1d0544fc392e0b8c8ad35493a8d	a-poetry-add/report.json	1
a-poetry-version	A	poetry	python-manifest-lock	l0c	sha256:a2166cbd16795f503eed4aa1756e822bba9a0b62d391f011b8f4f398a5dca380	cohort.sh cohort3 poetry-r2	7ce1e7c52686047882c83aea852866b5a1fcc79c85c694b71a0b0e121da48661	a-poetry-version/report.json	1
a-rustfmt-format	A	rustfmt	rust-inplace-formatter	l0c	sha256:a2166cbd16795f503eed4aa1756e822bba9a0b62d391f011b8f4f398a5dca380	cohort.sh cohort3 rustfmt	7ed062a9d6a83773b28ed09773bbdb8c38db1b9da03813c65dbbb10cb65abe11	a-rustfmt-format/report.json	1
a-himalaya-copy	A	himalaya	rust-maildir-client	l0c	sha256:a55234cd430993eebc682f02677cc5be3455f4306481025c11ab730d792798f4	cohort.sh cohort4 himalaya-r2	3127ace0b457d572c74c214cb7fa71317d4d9f1ce788a2df350da2dbb90127e3	a-himalaya-copy/report.json	2
