# MM	observed	sha256	path	revision	note
01	2026-09-21T03:17:02Z	26cb928fed9f24a85ab817a56baf0a8aabff62aa6e70c20825e1947652720056	/home/user/world/check.py	01	
02	2026-09-21T03:17:02Z	b39ea259375d463ff00d11ca9c7a0a0c4e49acbe14ae9076da197289ceff482c	/home/user/world/setup.sh	01	
03	2026-09-21T03:17:02Z	f60ca00a38c7a8450c55855128d90690b54b9dd037d6ea00884a11fac4a341b4	/home/user/world/src.manifest	01	
04	2026-09-21T03:18:56Z	3704375722c24808f8625ccb55b2ae7995bb929a1e32723d9f54f88e83312c21	/home/user/world/check.py	02	
05	2026-09-21T03:20:09Z	25817c0da66904183743566e67d034f8eab1bc111bd4edf0ba12c2a9b35ff25b	/home/user/world/setup.sh	02	
06	2026-09-21T03:20:27Z	eaf9645460bbf6b7706376280d1edec1a8b38a0260895cff3802f89c24082647	/home/user/world/check.py	02	
07	2026-09-21T03:20:44Z	ff6056d52365eebf5f3cf3a92ba3c98fca7643730e0dc6497d64f3172e60c4cf	/home/user/world/check.py	02	
08	2026-09-21T03:20:44Z	351c652be6f63413b5c784e61c4bd9e21ac84c564b00dbdf87f511128b2efb53	/home/user/world/out.iso.pre	02	
09	2026-09-21T03:20:53Z	0a6a520c0f8734c4f147303797f4890c538ab54546975f7c1e7c724f144ebfd7	/home/user/world/out.iso.pre	02	
10	2026-09-21T03:21:27Z	f384d23f0a771dbb188be46bd3e2566107dc8b28ec8e8c9b8d3e21c0465c97dd	/home/user/world/out.iso.pre	03	
