b-2vcard	B	2vcard	perl-cli	l0	sha256:e124ccf0a5887f47542bfde8c3f28f2909807c82fc2758ba018051187222fc90	bgroup.sh 2vcard	ce175194e27565fb345268e71053326c57d38055029f4144104ebb10b06318f9	b-2vcard/report.json	0	cbd8b21498b396753d734a23a0d0fc8934f7059fa3f30379daa6b2a47e3295c2
b-audiolink	B	audiolink	perl-cli	-	-	wall:W2	1c0d00210e46735be608f4cecfb3a0c2e7630b1434245ce8a0716d52c656257f	-	-	-
b-bogofilter-bdb	B	bogofilter-bdb	c-cli	l0	sha256:e124ccf0a5887f47542bfde8c3f28f2909807c82fc2758ba018051187222fc90	bgroup.sh bogofilter-bdb	8d03e8935e6df9e7a5e30bb269abd129cad580c6be8c7c3b9601160f8f3336d8	b-bogofilter-bdb/report.json	0	b19a0fa8bdbf49677b285476c6741a75d15cf7aec92352410659e30a4e3d3709
b-bogofilter-sqlite	B	bogofilter-sqlite	c-cli	l0	sha256:e124ccf0a5887f47542bfde8c3f28f2909807c82fc2758ba018051187222fc90	bgroup.sh bogofilter-sqlite	c38f9d476556820546613ba7cc3890eac11851ddf0bc4478afaf6867241ebfce	b-bogofilter-sqlite/report.json	1	57bee37861aaab0d0da8640d5ef9d49ffb2d68e1edb02bd088548e2639b3049d
b-bucardo	B	bucardo	perl-cli	-	-	wall:W2	3f77aefd576cefb96137cfef56e16d4f6dd60c8cefd9eaec31181a36052c7748	-	-	-
b-check-postgres	B	check-postgres	perl-cli	-	-	wall:W2	a3ab3cca12fb44de2c812b560254c8d3bfb30a5f0e78676488dcb1cf17fc5f1f	-	-	-
b-cookietool	B	cookietool	c-cli	l0	sha256:e124ccf0a5887f47542bfde8c3f28f2909807c82fc2758ba018051187222fc90	bgroup.sh cookietool	115fb58b17fd74347270cb08e55c2832dcf1f172ff9a96c1749e35b5485fd25f	b-cookietool/report.json	2	508313b4c55b506b6fff8a556e6a5e9ba7e9e5d9aa0b95244f478b9d16b097c0
b-cricket	B	cricket	perl-cli	-	-	wall:W2	101b4f53e6b4d4591cf21c672cc0961928b49b7f7637e5c79f6dd4a3582287d6	-	-	-
b-emboss	B	emboss	c-cli	l0	sha256:e124ccf0a5887f47542bfde8c3f28f2909807c82fc2758ba018051187222fc90	bgroup.sh emboss	519ae8aa3ebd566cfbd0513b7ebd666abd3892b7d413aa5d8f805a359f2269d5	b-emboss/report.json	0	fa83259236b025e4c138297d5627783ea9947e5aa2dd28b6b50d2c6dd2db89bd
b-flamerobin	B	flamerobin	cxx-cli	-	-	wall:W3	b1ea75ea7541981a046f53ea07ebfec089d99eae7f1c3f21d30268c4e2f64665	-	-	-
b-gammu	B	gammu	c-cli	-	-	wall:W2	f82107e916c542cdeff3309016ddbfe67877a3510aad5333dfa51f7d7f1a3f0b	-	-	-
b-gnupg-agent	B	gnupg-agent	c-cli	-	-	wall:W3	c632ed12eaa1d05f7310d77364d00d7f2b0760b51b026ce2c6a0d4f1416071e0	-	-	-
b-goobook	B	goobook	python-cli	-	-	wall:W2	9007d6a7619203c9c50d73229ec2e1e3bfc2e7559603f7d2a6877871266681ff	-	-	-
b-hnb	B	hnb	c-cli	l0	sha256:e124ccf0a5887f47542bfde8c3f28f2909807c82fc2758ba018051187222fc90	bgroup.sh hnb	7b13efcd4a4800d71db0a909d2c1531452b95f41bc4088f55f9e70504c305269	b-hnb/report.json	1	56a056073b574d0b29b8ff427106cb00168088103854d53f1b9b17631cc0e4d8
b-hobbit-plugins	B	hobbit-plugins	perl-cli	-	-	wall:W2	c4694769fa6931caee18933013928e58bd6c72be261b71acc8c3874c5d21f9f6	-	-	-
b-icinga2-ido-mysql	B	icinga2-ido-mysql	cxx-cli	-	-	wall:W1	aed13f06963dc3a6032db3b6b5670d20b714a230c1f0c70d87b1196211db8c2c	-	-	-
b-icinga2-ido-pgsql	B	icinga2-ido-pgsql	cxx-cli	-	-	wall:W1	92696d69184ebaae92f5a0e26e4e41000ec1559e0d845a2879c3ebf2f1a2d2f7	-	-	-
b-lbdb	B	lbdb	perl-cli	l0	sha256:e124ccf0a5887f47542bfde8c3f28f2909807c82fc2758ba018051187222fc90	bgroup.sh lbdb	b47dca5b9c52cf928ac665082840c8b8f47781dea72bebc0313e5f40f4d73dae	b-lbdb/report.json	2	e53163101d9f4c62a38bfb29f50175c3970fb27ede334921da97fe2c66c06cee
b-ldap-git-backup	B	ldap-git-backup	perl-cli	-	-	wall:W2	cc45fe6180a1864af4f509ef01d47fee90a8f029b1704abd645669f4472381db	-	-	-
b-ldap-utils	B	ldap-utils	c-cli	-	-	wall:W2	76af15b774311bb2d9173962b57960f79059a174f79c6cf0f7ea990fa994a21b	-	-	-
b2-dvdbackup	B2	dvdbackup	c-cli	-	-	wall:W2	55c85c8f82ef205411463bfe13a9178674a3c60a4b0f70472dc10c18c6799540	-	-	-
b2-roffit	B2	roffit	perl-cli	l0	sha256:43134c0cf0bf61a60da004ada437dca7203dd2d1cf0284f13a68e78d31e21135	bgroup.sh roffit	5aaea2e1fdb97da80d4e06dbd737c384a96ce3f5ef5cd64305cb821bce101786	b2-roffit/report.json	0	b17b9d4ce86e8cc18ce508887ab27887c9a6a68c1a1fd8cf43ecb91e98abff41
b2-bs1770gain	B2	bs1770gain	c-cli	l0	sha256:43134c0cf0bf61a60da004ada437dca7203dd2d1cf0284f13a68e78d31e21135	bgroup.sh bs1770gain	fb22d444f8d4b100d90b0f3c64192456111c7cd493387709861b2f9971b18264	b2-bs1770gain/report.json	2	bb6d28bfe2e3fc3566dae391f579e4a9066380e5d6226884c4995e589e17ac33
b2-txt2html	B2	txt2html	perl-cli	l0	sha256:43134c0cf0bf61a60da004ada437dca7203dd2d1cf0284f13a68e78d31e21135	bgroup.sh txt2html	53645f8b91c8f2a29985f6930b71144eb48cba680b77a690511c909f8e3bd3db	b2-txt2html/report.json	0	816627d922a4e0d2da5f88b26c09cc6e2c8e4658e64a13663ea59df658363711
b2-httrack	B2	httrack	c-cli	-	-	wall:W2	a50addf83ec65cddbcc834b9d60b4c456bcae32fc5ad72a298173c5dc6f7f536	-	-	-
b2-otf2bdf	B2	otf2bdf	c-cli	l0	sha256:43134c0cf0bf61a60da004ada437dca7203dd2d1cf0284f13a68e78d31e21135	bgroup.sh otf2bdf	be90999517893120a45609118d7a289dff6e619100cee95d364e9a50a04cdb10	b2-otf2bdf/report.json	0	4b751e5e810d610e95b229ad26358d1aef6ab781e3fbd7d7ca4f2b4d9873419f
b2-psutils	B2	psutils	c-cli	l0	sha256:43134c0cf0bf61a60da004ada437dca7203dd2d1cf0284f13a68e78d31e21135	bgroup.sh psutils	fabb7b63a71507d609b3178a479ab9ec69f52aeb156d8e3a430f604a690de0a3	b2-psutils/report.json	0	6fb90f9ab7bce987ebc6392eda50a25e45eba32c00916b84ffdc6d431e360591
b2-zbar-tools	B2	zbar-tools	c-cli	-	-	wall:W3	b88590fc2c961367781d183933a517cb951727513f2be1bc042dd39b40b6726e	-	-	-
b2-debmirror	B2	debmirror	perl-cli	-	-	wall:W2	c8ef7866ca048bab7be34633f3f10e7ed2de9ee0dc00f7f968fc67d3a49d7b90	-	-	-
b2-unmass	B2	unmass	cxx-cli	l0	sha256:43134c0cf0bf61a60da004ada437dca7203dd2d1cf0284f13a68e78d31e21135	bgroup.sh unmass	410c1698fdfddde434374fc84b6ba1f624fa240976c300ab4f7893dadff351b9	b2-unmass/report.json	2	c00a1ed082d61fdb69d5c89ab51e0d637c310a03ccd025240a95c0a52a79ac83
b2-tcpslice	B2	tcpslice	c-cli	l0	sha256:43134c0cf0bf61a60da004ada437dca7203dd2d1cf0284f13a68e78d31e21135	bgroup.sh tcpslice	0a4ab4d4f82cc725ed4e109e9c662c5233f0daebb38df2d8d052ba2aa0b86a10	b2-tcpslice/report.json	0	cd7a78c8bcdd7a6c12de554d9c6869c831342bee4e4e74641fc7b70260d886fc
b2-debian-cd	B2	debian-cd	perl-cli	-	-	wall:W3	6ccfcc0571dd13f25407dffa8e32fbc24db7371609382346b8bfdc5908963977	-	-	-
b2-enscribe	B2	enscribe	c-cli	l0	sha256:43134c0cf0bf61a60da004ada437dca7203dd2d1cf0284f13a68e78d31e21135	bgroup.sh enscribe	9a5f3ead9d0f7e5dbdfce9145f078443431db659a106546bfce0878f5bb11972	b2-enscribe/report.json	0	53b72dbe7fb60698fd4c1a02e9c49f8fa8153d18d454e4937f5fa2452df034f3
b2-aggregate	B2	aggregate	c-cli	-	-	wall:W3	13e35464d330815fd8d8121601a3444792bca62ad750cf6abc341ed5031d6361	-	-	-
b2-mp3roaster	B2	mp3roaster	perl-cli	-	-	wall:W2	c24224125fde5232e62efd014de757b992a988405b18bf11a974f40afd8fb216	-	-	-
b2-clzip	B2	clzip	c-cli	l0	sha256:43134c0cf0bf61a60da004ada437dca7203dd2d1cf0284f13a68e78d31e21135	bgroup.sh clzip	87a34499364f1f930e4297448ddd6d09017070ea7ef60d54d79241c34f2c1f39	b2-clzip/report.json	0	3349a894f48a69157f297e3fc5bd33cbf571f707de08c321f3114c554e0a53d8
b2-crip	B2	crip	perl-cli	-	-	wall:W2	d10302fc92457fe84b8f6dcaa9e8416c7af63a7a2b9c88cf3925a39ad73c74dc	-	-	-
b2-giflib-tools	B2	giflib-tools	c-cli	l0	sha256:43134c0cf0bf61a60da004ada437dca7203dd2d1cf0284f13a68e78d31e21135	bgroup.sh giflib-tools	d5f7f67e065af6d4e67de9327c5f952cffc7825d774438a66464b9018bd99a82	b2-giflib-tools/report.json	0	5f85a89a6593e034607825b2cc171e85e3ca1b555b102ddc9d8c1471e018868c
b2-emacspeak	B2	emacspeak	perl-cli	-	-	wall:W3	162cfd332e33d6767b8947b4c2fadffce2ed4b801d3f8dfd190b92e8b6b1e98c	-	-	-
b2-pngcrush	B2	pngcrush	c-cli	l0	sha256:43134c0cf0bf61a60da004ada437dca7203dd2d1cf0284f13a68e78d31e21135	bgroup.sh pngcrush	639e17b1515cc27c97de60ac53bbbb9f70243360fe8417cf18c157373738684e	b2-pngcrush/report.json	0	199b22f1171731e3ee2e3f1581b51ace7bf0364910be9d55bd83d8881d837f95
b2-migrationtools	B2	migrationtools	perl-cli	-	-	wall:W3	95e14bc6c832460895923e5eb9995d9e216c16dbe89dd7912f3404dd376bd5f7	-	-	-
b2-pacpl	B2	pacpl	perl-cli	l0	sha256:43134c0cf0bf61a60da004ada437dca7203dd2d1cf0284f13a68e78d31e21135	bgroup.sh pacpl	c822856c4a0be36e39b032d3b43af4d904bd5710dbe2f1b2c7614441682229ff	b2-pacpl/report.json	2	adfdb1a0388b65a049c126203abfff5d18750d22fcf2874661156801aebac06b
b2-c2hs	B2	c2hs	haskell-cli	l0	sha256:43134c0cf0bf61a60da004ada437dca7203dd2d1cf0284f13a68e78d31e21135	bgroup.sh c2hs	0ee8c495444a72b22e0149fd9004e2e8657028e4bfaf7ad0b34828311c024190	b2-c2hs/report.json	0	56132431363582fe3f89abdc48a3dc994432807325b7ed43cbb3caa04e7f2897
b2-apt-utils	B2	apt-utils	cxx-cli	l0	sha256:43134c0cf0bf61a60da004ada437dca7203dd2d1cf0284f13a68e78d31e21135	bgroup.sh apt-utils	84e24a2436c784bdde84830eda5252ca901947a0ecd51fb308d477d17efd3186	b2-apt-utils/report.json	2	6c5c7a42f9c424215674627056f7daf0b951089ebd0e599ea562cf4307525108
b2-mail-expire	B2	mail-expire	perl-cli	l0	sha256:43134c0cf0bf61a60da004ada437dca7203dd2d1cf0284f13a68e78d31e21135	bgroup.sh mail-expire	c3e78e2246d868ea98a8c2e6e3c84da242c076fd72a1807f84ee895d2245d4c8	b2-mail-expire/report.json	2	6d2b84e1286e611c0a6f9b554325c98218c5b95d03de55cc1d855edbf1d3ba69
b2-conv-tools	B2	conv-tools	c-cli	l0	sha256:43134c0cf0bf61a60da004ada437dca7203dd2d1cf0284f13a68e78d31e21135	bgroup.sh conv-tools	fe4adb57ab5fbbaa8db483cb7c8c92eb0170fc09b6d1476d5701f3755e5e27fc	b2-conv-tools/report.json	0	39511daa4fbd016289758d9e6fdc3dab4d6a49c41c95dba0ce4004efbad2e297
b2-sgml-base	B2	sgml-base	perl-cli	l0	sha256:43134c0cf0bf61a60da004ada437dca7203dd2d1cf0284f13a68e78d31e21135	bgroup.sh sgml-base	9d2cac72c4056a864ff4a96867442d02868be632eec4cd270c96383b106411d5	b2-sgml-base/report.json	1	df5b2a53bd9811e8501b062ff24c654a0dd92dd71cf7f76b2ce6e5d97e1fe158
b2-zh-autoconvert	B2	zh-autoconvert	c-cli	l0	sha256:43134c0cf0bf61a60da004ada437dca7203dd2d1cf0284f13a68e78d31e21135	bgroup.sh zh-autoconvert	c5210711d73986f368b9891bebd3bee79ab31dda4ee0bd0c18d0fbd23c5b76ca	b2-zh-autoconvert/report.json	0	f033ca80df68348f83c4ff9f5b6a8ad0f54ad0779ae1027b8e5f2fe00f3cf5b5
b2-icnsutils	B2	icnsutils	c-cli	l0	sha256:43134c0cf0bf61a60da004ada437dca7203dd2d1cf0284f13a68e78d31e21135	bgroup.sh icnsutils	9d964c3a38bb9e521c68994e64b1c63e25281d34c9d9369e5a77ebe4cb46a6d1	b2-icnsutils/report.json	0	5e6420f02db7f98d9ae72191be196176ddcaf74c49ee946c5e731cdd123a11ab
b2-pgdbf	B2	pgdbf	c-cli	-	-	wall:W3	9b22cf94bbac36a1f1acf8a313c56bc3994a78f1aaffe2551dcce4082517070f	-	-	-
