AtomicParsley	wez/atomicparsley
brename	shenwei356/brename
comictagger	comictagger/comictagger
klog	jotaen/klog
notesmd-cli	Yakitrak/notesmd-cli
organize	tfeldmann/organize
patchelf	NixOS/patchelf
phockup	ivandokov/phockup
rdfind	pauldreik/rdfind
rnr	ismaelgv/rnr
rsgain	complexlogic/rsgain
upx	upx/upx
z.lua	skywind3000/z.lua
elodie	jmathai/elodie
dnote	dnote/dnote
jdupes	jbruchon/jdupes
imgp	jarun/imgp
ect	fhanau/Efficient-Compression-Tool
leanify	JayXon/Leanify
image_optim	toy/image_optim
tageditor	Martchus/tageditor
rcm	thoughtbot/rcm
dotdrop	deadc0de6/dotdrop
dotter	SuperCuber/dotter
czkawka	qarmin/czkawka
hardlink	util-linux/util-linux
osync	deajan/osync
backintime	bit-team/backintime
trashy	oberblastmeister/trashy
rip	nivekuil/rip
bartib	nikolassv/bartib
doing	ttscoff/doing
hstr	dvorka/hstr
jump	gsamokovarov/jump
mu	djcb/mu
kustomize	kubernetes-sigs/kustomize
jpeg-archive	danielgtaylor/jpeg-archive
scour	scour-project/scour
tuckr	RaphGL/Tuckr
passage	FiloSottile/passage
mail-deduplicate	kdeldycke/mail-deduplicate
duperemove	markfasheh/duperemove
loudgain	Moonbase59/loudgain
mp3gain	Sound-Linux-More/mp3gain
puddletag	puddletag/puddletag
obsidian-export	zoni/obsidian-export
kakoune	mawww/kakoune
sc-im	andmarti1424/sc-im
visidata	saulpw/visidata
samtools	samtools/samtools
electrum	spesmilo/electrum
pubs	pubs/pubs
bibtex-tidy	FlamingTempura/bibtex-tidy
fastmod	facebookincubator/fastmod
comby	comby-tools/comby
scooter	thomasschafer/scooter
harsh	wakatara/harsh
totp-cli	yitsushi/totp-cli
caesium	Lymphatus/caesium-clt
brotli	google/brotli
lrzip	ckolivas/lrzip
bzip3	kspalaiologos/bzip3
cookcli	cooklang/cookcli
taskbook	klaudiosinani/taskbook
ambr	dalance/amber
csvq	mithrandie/csvq
dotenvx	dotenvx/dotenvx
ejson	Shopify/ejson
hexapdf	gettalong/hexapdf
luarocks	luarocks/luarocks
mapshaper	mbloch/mapshaper
nbconvert	jupyter/nbconvert
nimble	nim-lang/nimble
nushell	nushell/nushell
perl	Perl/perl5
snapraid	amadvance/snapraid
