# How a name in this project's ledgers maps to Debian package names, for the
# B2 exclusions (#619, ADR 0073). The ledgers spell tools the way their
# authors did — `GNU Stow`, `mid3v2`, `uutils cp`, `neovim 0.10.4 and 0.12.5
# (`:wshada`)` — and select-b2.sh excludes by exact package name, so without
# this table a tool this project has already met could be selected again under
# the archive's spelling of it.
#
# Columns (tab-separated, exactly three):
#   name      the spelling as it appears in the ledger, verbatim
#   packages  ;-separated Debian package names, or `-` when the tool has no
#             Debian package at all (a pip-only tool, a Rust binary the
#             project fetched from GitHub, a repository name)
#   source    which ledger spells it this way (for a reader; not checked)
#
# count.py b2-selection holds this file two ways: every name in the five
# machine-readable ledgers (b-targets.txt, b-exclusions.txt, corpus.tsv,
# spike/outcome-funnel.tsv, spike/upstream-reports.tsv) that is not itself a
# package in b2-exclusions.txt must have a row here, and every package a row
# names must be in b2-exclusions.txt. A name that IS a package name needs no
# row — `qpdf` is `qpdf`.
#
# What it cannot hold: the packages column is written from memory of the
# archive. A package this table does not name for a tool the project met is
# the gap wall W0 exists for — a selected target that turns out to be one of
# those becomes a W0 row, and this table is not corrected after the fact.
topydo	-	b-exclusions.txt, corpus.tsv, outcome-funnel.tsv, upstream-reports.tsv (pip only)
borg	borgbackup	corpus.tsv (cohort 2)
hg	mercurial	corpus.tsv (cohort 2)
watson	-	b-exclusions.txt (pip td-watson)
omamori	-	b-exclusions.txt (this project's own; not packaged)
Bitwarden	-	outcome-funnel.tsv (npm-installed CLI)
Bun	-	outcome-funnel.tsv (fetched from GitHub)
GNU Stow	stow	outcome-funnel.tsv, upstream-reports.tsv
ansible-core	ansible-core;ansible	outcome-funnel.tsv
aws-cli	awscli	outcome-funnel.tsv
aws-cli 2.23.6	awscli	upstream-reports.tsv
bean-format	beancount	outcome-funnel.tsv, upstream-reports.tsv
bsdtar	libarchive-tools	outcome-funnel.tsv
cargo 1.97.1	cargo	upstream-reports.tsv
chezmoi	-	outcome-funnel.tsv (fetched from GitHub; not in Debian)
codespell 2.4.1	codespell	upstream-reports.tsv
fonttools	fonttools;python3-fonttools	outcome-funnel.tsv, upstream-reports.tsv
gjf	-	outcome-funnel.tsv (google-java-format, fetched from GitHub)
gopass	-	outcome-funnel.tsv (fetched from GitHub)
hatch	hatch;python3-hatch	outcome-funnel.tsv
himalaya	-	outcome-funnel.tsv, upstream-reports.tsv (cargo-installed)
jbang	-	outcome-funnel.tsv (fetched from GitHub)
joplin	-	outcome-funnel.tsv (npm-installed CLI)
jpegtran	libjpeg-turbo-progs	outcome-funnel.tsv, upstream-reports.tsv
lz4	lz4;liblz4-tool	outcome-funnel.tsv
markdownlint	markdownlint-cli;node-markdownlint-cli;node-markdownlint	outcome-funnel.tsv
metaflac	flac	outcome-funnel.tsv
mid3v2	python3-mutagen	outcome-funnel.tsv
mlr	miller	outcome-funnel.tsv
mogrify	imagemagick;imagemagick-6.q16;imagemagick-7.q16;graphicsmagick-imagemagick-compat	outcome-funnel.tsv, upstream-reports.tsv
mutool	mupdf-tools	outcome-funnel.tsv
neovim 0.10.4 and 0.12.5 (`:wshada`)	neovim	upstream-reports.tsv
ninja	ninja-build	outcome-funnel.tsv
npm pkg set	npm	outcome-funnel.tsv
oxipng 10.2.1	oxipng	upstream-reports.tsv
pip	python3-pip;pip	outcome-funnel.tsv
poetry	python3-poetry;poetry	outcome-funnel.tsv, upstream-reports.tsv
prettier	node-prettier;prettier	outcome-funnel.tsv
pyenv	-	outcome-funnel.tsv (fetched from GitHub)
rubocop	rubocop;ruby-rubocop	outcome-funnel.tsv
rubocop 1.39.0	rubocop;ruby-rubocop	upstream-reports.tsv
sphinx	python3-sphinx;sphinx-common;sphinx	outcome-funnel.tsv
svgo	node-svgo;svgo	outcome-funnel.tsv
tesseract	tesseract-ocr	outcome-funnel.tsv
uutils cp	rust-coreutils;uutils-coreutils	outcome-funnel.tsv
vim	vim;vim-nox;vim-tiny;vim-gtk3	outcome-funnel.tsv
vips	libvips-tools	outcome-funnel.tsv
virtualenv	virtualenv;python3-virtualenv	outcome-funnel.tsv
xz	xz-utils	outcome-funnel.tsv
commitizen	commitizen	outcome-funnel.tsv (not in trixie; sid and forky carry it)
ast-grep	-	outcome-funnel.tsv (pip ast-grep-cli, a Rust binary)
ast-grep 0.45.3	-	upstream-reports.tsv
todo.txt-cli	todotxt-cli	outcome-funnel.tsv
js-beautify	node-js-beautify;jsbeautifier	outcome-funnel.tsv
stylelint	-	outcome-funnel.tsv (npm only)
git-cliff	-	outcome-funnel.tsv (pip git-cliff, a Rust binary)
ktlint	-	outcome-funnel.tsv (a GitHub release; a jar behind a shell prelude)
kubectl	kubectl;kubernetes-client	outcome-funnel.tsv (the release binary from dl.k8s.io was measured)
jsonnetfmt	jsonnet	outcome-funnel.tsv (go-jsonnet's release binary was measured; Debian's jsonnet ships the C++ one)
pg_format	pgformatter	outcome-funnel.tsv
phpcbf	php-codesniffer	outcome-funnel.tsv (the phar from the GitHub release was measured)
terraform	-	outcome-funnel.tsv (a HashiCorp release binary; not in Debian)
sqruff	-	outcome-funnel.tsv (a GitHub release binary, Rust)
nbqa	-	outcome-funnel.tsv (pip only)
standardrb	-	outcome-funnel.tsv (gem standard)
rumdl	-	outcome-funnel.tsv (a GitHub release binary, Rust)
alejandra	-	outcome-funnel.tsv (a GitHub release binary, Rust)
biome	-	outcome-funnel.tsv (a GitHub release binary, Rust)
gofumpt	-	outcome-funnel.tsv (a GitHub release binary, Go)
helm	-	outcome-funnel.tsv (a release binary from get.helm.sh, Go)
ktfmt	-	outcome-funnel.tsv (a jar from the GitHub release)
oxfmt	-	outcome-funnel.tsv (npm only)
pint	-	outcome-funnel.tsv (a phar from the GitHub release)
scalafmt	-	outcome-funnel.tsv (a GitHub release native binary)
tombi	-	outcome-funnel.tsv (a GitHub release binary, Rust)
yamlfmt	-	outcome-funnel.tsv (a GitHub release binary, Go)
nbqa 1.9.1 (`nbqa black`, black 26.5.1)	-	upstream-reports.tsv
terraform 1.16.4 `fmt`	-	upstream-reports.tsv
helm 4.3.0 `repo remove`	-	upstream-reports.tsv
tombi 1.5.6 and 1.7.0	-	upstream-reports.tsv
php-cs-fixer	-	outcome-funnel.tsv (the project's phar from its GitHub release)
ktlint 1.8.0	-	upstream-reports.tsv
git-cliff 2.14.2 `--prepend`	-	upstream-reports.tsv
notesmd-cli 0.3.7 `move`	-	upstream-reports.tsv
mapshaper 0.7.72 `-o force`	-	upstream-reports.tsv
DwarFS 0.15.8 `mkdwarfs --recompress`	-	upstream-reports.tsv
SolveSpace 3.2 `solvespace-cli regenerate`	solvespace	upstream-reports.tsv
PyMOL 3.1.0 (Debian) `save` of a `.pse`	pymol;python3-pymol	upstream-reports.tsv
ffsubsync 0.5.1 `--overwrite-input`	-	upstream-reports.tsv
WP-CLI 2.12.0 `config set`	-	upstream-reports.tsv
dynaconf	python3-dynaconf	outcome-funnel.tsv
python-dotenv	python3-dotenv	outcome-funnel.tsv
fitscheck	astropy-utils;python3-astropy	outcome-funnel.tsv
go	golang-go	outcome-funnel.tsv (upstream's go1.27.1 measured; trixie ships 1.24)
lxc	lxd;lxd-client	outcome-funnel.tsv (the LXD client: upstream's 6.9 measured, trixie ships 5.0; trixie's lxc package is LXC, another project)
sndfile	sndfile-programs	outcome-funnel.tsv (libsndfile)
ezdxf	python3-ezdxf	outcome-funnel.tsv
doit	python3-doit	outcome-funnel.tsv
sfntedit	afdko;python3-afdko	outcome-funnel.tsv
easyrsa	easy-rsa	outcome-funnel.tsv
acmesh	acme.sh	outcome-funnel.tsv
zshz	-	outcome-funnel.tsv (zsh-z; trixie has none)
espsecure	esptool	outcome-funnel.tsv
keyring	python3-keyring	outcome-funnel.tsv
pi	-	outcome-funnel.tsv (earendil-works/pi; trixie's pi is another program)
capacitor	-	outcome-funnel.tsv (trixie's cap is capistrano)
minizip	-	outcome-funnel.tsv (minizip-ng; trixie's minizip is zlib's contrib)
scw	-	outcome-funnel.tsv (scaleway-cli; trixie has none)
seconv	-	outcome-funnel.tsv (Subtitle Edit's command-line converter; trixie has none)
otiotool	-	outcome-funnel.tsv (OpenTimelineIO; trixie has none)
cook	-	outcome-funnel.tsv (cooklang/cookcli; trixie has none)
mcaselector	-	outcome-funnel.tsv (trixie has none; the box's .deb matched by name)
nmctl	-	outcome-funnel.tsv (netmaker's CLI; trixie has none)
libdeflate	libdeflate-tools	outcome-funnel.tsv
stack	haskell-stack	outcome-funnel.tsv
cabal	cabal-install	outcome-funnel.tsv
carapace	-	outcome-funnel.tsv (carapace-bin; trixie has none)
chdman	mame-tools	outcome-funnel.tsv
buildx	docker-buildx	outcome-funnel.tsv
iconvert	openimageio-tools	outcome-funnel.tsv
ifcpatch	-	outcome-funnel.tsv (IfcOpenShell; trixie has none)
prefscleaner	-	outcome-funnel.tsv (arkenfox user.js; trixie has none)
yarn	yarnpkg	outcome-funnel.tsv (trixie's yarnpkg is Yarn 4)
trash	-	outcome-funnel.tsv (sindresorhus/trash-cli; trixie's trash-cli is andreafrancia's, another program)
softhsm	softhsm2	outcome-funnel.tsv
kvantum	qt6-style-kvantum	outcome-funnel.tsv
h2cli	hydrogen	outcome-funnel.tsv
rootrm	-	outcome-funnel.tsv (ROOT; trixie has no root-system)
f2	-	outcome-funnel.tsv (ayoisaiah/f2; trixie has none)
zvm	-	outcome-funnel.tsv (tristanisham/zvm; trixie has none)
fly	-	outcome-funnel.tsv (Concourse's fly; trixie has none)
atac	-	outcome-funnel.tsv (Julien-cpsn/ATAC; trixie's atac is a genome-assembly tool)
ckan	-	outcome-funnel.tsv (KSP-CKAN; trixie has none, the box's .deb matched by name)
rpk	-	outcome-funnel.tsv (Redpanda's rpk; trixie has none)
kafkactl	-	outcome-funnel.tsv (deviceinsight/kafkactl; trixie has none)
Subtitle Edit's SeConv 5.2.0 `subs.srt subrip --offset:-2000 --overwrite`	-	upstream-reports.tsv (Subtitle Edit; trixie has none)
MCA Selector 2.9 `--mode delete --query "InhabitedTime < 1000"`	-	upstream-reports.tsv (trixie has none)
SoftHSM 2.6.1 `softhsm2-util --import`	-	upstream-reports.tsv (SoftHSMv2)
OCRmyPDF 16.7.0 `--force-ocr a.pdf a.pdf`	-	upstream-reports.tsv (Debian's ocrmypdf)
dotenvx 2.32.4 `encrypt`	-	upstream-reports.tsv (dotenvx)
dotenvx protect	-	outcome-funnel.tsv (dotenvx)
dotenvx decrypt	-	outcome-funnel.tsv (dotenvx)
dotenvx concurrent	-	outcome-funnel.tsv (dotenvx)
dotenvx spec	-	outcome-funnel.tsv (dotenvx)
dotenvx encrypt leftover	-	outcome-funnel.tsv (dotenvx)
dotenvx custody	-	outcome-funnel.tsv (dotenvx)
dotenvx gitignore	-	outcome-funnel.tsv (dotenvx)
dotenvx 2.34.2 `decrypt`	-	upstream-reports.tsv (dotenvx)
dotenvx 2.34.2 `encrypt`, two at once	-	upstream-reports.tsv (dotenvx)
dotenvx 2.34.2 `protect`	-	upstream-reports.tsv (dotenvx)
